-- MySQL dump 10.13  Distrib 5.6.44, for Linux (x86_64)
--
-- Host: localhost    Database: blog
-- ------------------------------------------------------
-- Server version	5.6.44-log

/*!40101 SET @OLD_CHARACTER_SET_CLIENT=@@CHARACTER_SET_CLIENT */;
/*!40101 SET @OLD_CHARACTER_SET_RESULTS=@@CHARACTER_SET_RESULTS */;
/*!40101 SET @OLD_COLLATION_CONNECTION=@@COLLATION_CONNECTION */;
/*!40101 SET NAMES utf8 */;
/*!40103 SET @OLD_TIME_ZONE=@@TIME_ZONE */;
/*!40103 SET TIME_ZONE='+00:00' */;
/*!40014 SET @OLD_UNIQUE_CHECKS=@@UNIQUE_CHECKS, UNIQUE_CHECKS=0 */;
/*!40014 SET @OLD_FOREIGN_KEY_CHECKS=@@FOREIGN_KEY_CHECKS, FOREIGN_KEY_CHECKS=0 */;
/*!40101 SET @OLD_SQL_MODE=@@SQL_MODE, SQL_MODE='NO_AUTO_VALUE_ON_ZERO' */;
/*!40111 SET @OLD_SQL_NOTES=@@SQL_NOTES, SQL_NOTES=0 */;

--
-- Table structure for table `typecho_comments`
--

DROP TABLE IF EXISTS `typecho_comments`;
/*!40101 SET @saved_cs_client     = @@character_set_client */;
/*!40101 SET character_set_client = utf8 */;
CREATE TABLE `typecho_comments` (
  `coid` int(10) unsigned NOT NULL AUTO_INCREMENT,
  `cid` int(10) unsigned DEFAULT '0',
  `created` int(10) unsigned DEFAULT '0',
  `author` varchar(150) DEFAULT NULL,
  `authorId` int(10) unsigned DEFAULT '0',
  `ownerId` int(10) unsigned DEFAULT '0',
  `mail` varchar(150) DEFAULT NULL,
  `url` varchar(255) DEFAULT NULL,
  `ip` varchar(64) DEFAULT NULL,
  `agent` varchar(511) DEFAULT NULL,
  `text` text,
  `type` varchar(16) DEFAULT 'comment',
  `status` varchar(16) DEFAULT 'approved',
  `parent` int(10) unsigned DEFAULT '0',
  `stars` int(10) DEFAULT '0',
  PRIMARY KEY (`coid`),
  KEY `cid` (`cid`),
  KEY `created` (`created`)
) ENGINE=MyISAM AUTO_INCREMENT=49 DEFAULT CHARSET=utf8;
/*!40101 SET character_set_client = @saved_cs_client */;

--
-- Dumping data for table `typecho_comments`
--

LOCK TABLES `typecho_comments` WRITE;
/*!40000 ALTER TABLE `typecho_comments` DISABLE KEYS */;
INSERT INTO `typecho_comments` VALUES (1,1,1581123472,'Typecho',0,1,NULL,'http://typecho.org','127.0.0.1','Typecho 1.2/18.1.29','欢迎加入 Typecho 大家族','comment','approved',0,0),(48,5,1583368269,'阿宅',1,1,'963508700@qq.com','http://www.nekoc.xyz',NULL,'weixin','https://www.hostloc.com/forum.php?mod=viewthread&tid=640211&extra=page%3D3&mobile=2\n\nhttps://github.com/chenxizhang/office365dev/blob/master/docs/graph-tools.md\n\nhttps://blog.curlc.com/archives/687.html\n\n动漫站\n\nhttps://www.agefans.tv/\nhttps://kan.jinbaozy.com/\nhttp://agefans.org/\nhttp://www.qimiqimi.co/\nhttp://www.zzzfun.com/\nhttp://www.dmd8.com/\nhttp://www.yxdm.tv/\n\n微软分析\n\nhttps://zhangguanzhang.github.io/2020/02/27/microsoft-graph-for-onedrive/\n\nhttps://www.coolapk.com/feed/16720985?shareKey=NzQxYjlmODVlMDI2NWU1ZWE4YjU~&shareUid=3184153&shareFrom=com.coolapk.market_9.6.3\n\n团队盘\n\nhttps://gd.zxd.workers.dev/\n\n','comment','approved',0,0),(38,5,1582322379,'阿宅',1,1,'963508700@qq.com','http://www.nekoc.xyz',NULL,'weixin','惊了，竟然裸考过四级了～\n\n','comment','approved',0,0),(39,5,1582358708,'阿宅',1,1,'963508700@qq.com','http://www.nekoc.xyz',NULL,'weixin','这里：\nhttps://www.iconfont.cn/\n\n图标\n\n','comment','approved',0,0),(40,5,1582419371,'阿宅',1,1,'963508700@qq.com','http://www.nekoc.xyz',NULL,'weixin','ipx\n\nipz\n\namateur\n\nbeads\n\ncerv1x\n\ndeflower\n\nenem@\n\nfelat1o\n\ngynecologist\n\nhymen\n\nintersex\n\njack-off\n\nkimono\n\nlabia\n\nmassage\n\nn1pple\n\norgy\n\npantyhose\n\n图床源码\n\nhttp://www.188183.xyz/chevereto_3.12.10.zip\n\nhttps://www.hostloc.com/forum.php?mod=viewthread&tid=647686&extra=page%3D4&mobile=2\n\n','comment','approved',0,0),(28,5,1581975025,'阿宅',1,1,'963508700@qq.com','http://www.nekoc.xyz',NULL,'weixin','聊天室\n\nhttps://www.hostloc.com/forum.php?mod=viewthread&tid=645555&extra=page%3D4&mobile=2\n\npython代理\n\nhttps://www.52pojie.cn/thread-913242-1-1.html\n\n70年idea\n\nhttps://www.52pojie.cn/thread-1106969-1-1.html\n\npython sel\n\nhttps://www.52pojie.cn/thread-1107649-1-1.html\n\nm3u8的分子\n\nhttps://www.52pojie.cn/thread-1056398-1-1.html\n\nscf签到python\n\nhttps://www.52pojie.cn/thread-1108294-1-1.html\n\n简易ddoa\n\nhttps://www.52pojie.cn/thread-1098916-1-2.html\n\njava2exe\n\nhttps://www.52pojie.cn/thread-846146-1-2.html\n\npysel2\n\nhttps://www.52pojie.cn/thread-1107280-1-3.html\n\n','comment','spam',0,0),(29,5,1581977094,'阿宅',1,1,'963508700@qq.com','http://www.nekoc.xyz',NULL,'weixin','ssm jsp别人的demo\n\nhttps://www.52pojie.cn/thread-980756-1-5.html\n\n发卡\n\nhttps://www.52pojie.cn/thread-823919-1-5.html\n\nhttps://www.changeip.com/accounts/aff.php?aff=3388&pid=77\n\n注：记得下拉选半年付（免费），或年付（送域名），别问我半年以后会怎样，我也不知道，万一是Bug就又是传家宝，反正现在免费！\n\n','comment','spam',0,0),(41,5,1582449129,'阿宅',1,1,'963508700@qq.com','http://www.nekoc.xyz','120.84.9.25','Mozilla/5.0 (Windows NT 10.0; Win64; x64) AppleWebKit/537.36 (KHTML, like Gecko) Chrome/76.0.3809.132 Safari/537.36','百度网盘一生黑，再也不续费了，mmp','comment','approved',0,0),(31,5,1582142145,'阿宅',1,1,'963508700@qq.com','http://www.nekoc.xyz',NULL,'weixin','https://github.com/heymind/OneDrive-Index-Cloudflare-Worker\n\n疑案追声最新\n\nhttps://www.52pojie.cn/thread-1110610-1-1.html\n\n雷电模拟器绿色\n\nhttps://www.52pojie.cn/thread-1110612-1-1.html\n\n3ds游戏\n\nhttps://www.52pojie.cn/thread-1110564-1-1.html\n\nnodejs博客\n\nhttps://www.52pojie.cn/thread-896269-1-1.html\n\n酷q机器人\n\nhttps://www.52pojie.cn/thread-1087598-1-1.html\n\nm3u8解密\n\nhttps://www.52pojie.cn/thread-971265-1-1.html\n\n','comment','spam',0,0),(32,5,1582184796,'阿宅',1,1,'963508700@qq.com','http://www.nekoc.xyz',NULL,'weixin','说起来，网上还有 自 助 免 费 注 册 A 1 子 号\nhttps://office.debug.ren\nhttps://xlu.me\nhttp://xkx.me\nhttps://t.odmail.cn','comment','spam',0,0),(35,5,1582297550,'阿宅',1,1,'963508700@qq.com','http://www.nekoc.xyz',NULL,'weixin','b站首页魔改\n\nhttps://userstyles.org/styles/176432/bilibili\n\nhttps://www.nfmovies.com/detail/?39975.html\n\n很好看的blog\n\nhttps://www.v2ex.com/t/646290#reply24\n\n课程\n\nhttps://blog.rhilip.info/mooc.html\n\n','comment','approved',0,0),(36,5,1582321182,'阿宅',1,1,'963508700@qq.com','http://www.nekoc.xyz',NULL,'weixin','自动签到\n\nhttps://www.hostloc.com/forum.php?mod=viewthread&tid=647325&extra=page%3D4&mobile=2\n\n【网站推荐】第一期\ntrace.moe：https://trace.moe/\nremove.bg：https://www.remove.bg/zh/upload\n字由：https://www.hellofont.cn/font-list\n秋夜叶.qiuyeye：http://b.qiuyeye.cn/index.html\nwikihow：https://zh.wikihow.com\n新人up，跪求关注了！\n\nACG狗狗，爱恋BT，东京图书馆\n最近都去动漫花园\n\nhttp://www.miobt.com/team-97-1.html\n这个看看行不行，前段时间下过资源速度还行\n\n','comment','approved',0,0),(42,5,1582498196,'阿宅',1,1,'963508700@qq.com','http://www.nekoc.xyz',NULL,'weixin','黑店\n\nhttps://fk.ipansir.com/product/\n\n视频床\n\nhttps://www.hostloc.com/forum.php?mod=viewthread&tid=648074&extra=page%3D1&mobile=2\n\n','comment','approved',0,0),(44,5,1582692124,'阿宅',1,1,'963508700@qq.com','http://www.nekoc.xyz',NULL,'weixin','Github jsDelivr PicGo 打造稳定快速、高效免费图床\r\nhttps://www.itrhx.com/2019/08/01/A27-image-hosting/\r\n免费CDN：jsDelivr  Github\r\nhttps://www.itrhx.com/2019/02/10/A18-free-cdn/\r\n关于储存库 容量\r\nhttps://help.github.com/cn/github/managing-large-files/what-is-my-disk-quota\r\n高清修图\r\nhttps://github.com/lltcggie/waifu2x-caffe/blob/master/README.md\r\n\r\n','comment','approved',0,0),(47,5,1582917633,'阿宅',1,1,'963508700@qq.com','http://www.nekoc.xyz',NULL,'weixin','天翼云会员\n\nhttps://m.cloud.189.cn/zhuanti/2020/share-vip/wap.html\n\n狂语规则\n\nhttp://pan.limou.cc/file/19473836-424567275\n\n挂机包\n\nhttps://www.hostloc.com/forum.php?mod=viewthread&tid=650253&extra=page%3D1&mobile=2\n\n书库\n\nhttps://www.hostloc.com/forum.php?mod=viewthread&tid=649726&highlight=%E4%B9%A6%E5%BA%93\n\n','comment','approved',0,0);
/*!40000 ALTER TABLE `typecho_comments` ENABLE KEYS */;
UNLOCK TABLES;

--
-- Table structure for table `typecho_contents`
--

DROP TABLE IF EXISTS `typecho_contents`;
/*!40101 SET @saved_cs_client     = @@character_set_client */;
/*!40101 SET character_set_client = utf8 */;
CREATE TABLE `typecho_contents` (
  `cid` int(10) unsigned NOT NULL AUTO_INCREMENT,
  `title` varchar(150) DEFAULT NULL,
  `slug` varchar(150) DEFAULT NULL,
  `created` int(10) unsigned DEFAULT '0',
  `modified` int(10) unsigned DEFAULT '0',
  `text` longtext,
  `order` int(10) unsigned DEFAULT '0',
  `authorId` int(10) unsigned DEFAULT '0',
  `template` varchar(32) DEFAULT NULL,
  `type` varchar(16) DEFAULT 'post',
  `status` varchar(16) DEFAULT 'publish',
  `password` varchar(32) DEFAULT NULL,
  `commentsNum` int(10) unsigned DEFAULT '0',
  `allowComment` char(1) DEFAULT '0',
  `allowPing` char(1) DEFAULT '0',
  `allowFeed` char(1) DEFAULT '0',
  `parent` int(10) unsigned DEFAULT '0',
  `views` int(10) DEFAULT '0',
  PRIMARY KEY (`cid`),
  UNIQUE KEY `slug` (`slug`),
  KEY `created` (`created`)
) ENGINE=MyISAM AUTO_INCREMENT=67 DEFAULT CHARSET=utf8;
/*!40101 SET character_set_client = @saved_cs_client */;

--
-- Dumping data for table `typecho_contents`
--

LOCK TABLES `typecho_contents` WRITE;
/*!40000 ALTER TABLE `typecho_contents` DISABLE KEYS */;
INSERT INTO `typecho_contents` VALUES (1,'欢迎使用 Typecho','start',1581123472,1581123472,'<!--markdown-->如果您看到这篇文章,表示您的 blog 已经安装成功.',0,1,NULL,'post','publish',NULL,1,'1','1','1',0,1),(2,'关于','start-page',1581123472,1581123472,'<!--markdown-->本页面由 Typecho 创建, 这只是个测试页面.',2,1,NULL,'page','publish',NULL,0,'1','1','1',0,0),(11,'留言板','11',1581230913,1581230913,'<!--markdown-->',3,1,'guestbook.php','page','publish',NULL,0,'1','1','1',0,0),(12,'友情链接','12',1581230971,1581230971,'<!--markdown-->',6,1,'links.php','page','publish',NULL,0,'1','1','1',0,0),(4,'1.jpg','1-jpg',1581123752,1581123752,'a:5:{s:4:\"name\";s:5:\"1.jpg\";s:4:\"path\";s:35:\"/usr/uploads/2020/02/3426796657.jpg\";s:4:\"size\";i:235926;s:4:\"type\";s:3:\"jpg\";s:4:\"mime\";s:10:\"image/jpeg\";}',1,1,NULL,'attachment','publish',NULL,0,'1','0','1',11,0),(5,'碎碎念','cross',1581131520,1581231312,'<!--markdown-->',4,1,'cross.php','page','publish',NULL,10,'1','1','1',0,0),(32,'2020 年 02 月 11 日','2020-2-11-15:02:49',1581404520,1583020668,'<!--markdown-->脱了一个软件的壳,弄来的API接口.\r\n\r\n我只是解密调用.没有源代码..\r\n\r\n1.解析磁力.\r\n\r\nhttp://bt.i0x0.cn/?hash=40位磁力链\r\n\r\n如:http://bt.i0x0.cn/?hash=3BE5C938BCB4B541446C60C0E369E9060D5E82D2\r\n\r\n返回\r\n{\r\n    \"code\": 0,\r\n    \"msg\": \"成功\",\r\n    \"data\": [\r\n        {\r\n            \"file_key\": \"BA7B0FE821E08052634E6FA6B73238C22C02B201D155B8C1E9F2AD42A63175FC2E623D60E7372683EE3C274B3125A3758FAAFF3A8B0F999004EC7BFAE548F15E27BADB38877768CE8849B6E8547E0322D57889384C1E66\",\r\n            \"name\": \"1.jpg\",\r\n            \"size\": \"155.58KB\",\r\n            \"ico\": \"\"\r\n        },\r\n        {\r\n            \"file_key\": \"C6080FE924E1FE54644B6FA5B5323AC52B03B271D152B8C4EC80AD40A632098029173A67E7422789943F204D3424A3018FAFFF4E8B79E79301EF07FCE53EF65E27BADB4280766DBB8849B69E547D0420D5788A31471669A0E0FB06\",\r\n            \"name\": \"十面埋伏[bbs.3e-online.com][1280高清].rmvb\",\r\n            \"size\": \"1.50GB\",\r\n            \"ico\": \"\"\r\n        }\r\n    ],\r\n}\r\n\r\n\r\n2.获取直链.\r\n\r\nhttp://bt.i0x0.cn/?key=解析处理的file_key值\r\n\r\n\r\n\r\n如:http://bt.i0x0.cn/?key=C6080FE924E1FE54644B6FA5B5323AC52B03B271D152B8C4EC80AD40A632098029173A67E7422789943F204D3424A3018FAFFF4E8B79E79301EF07FCE53EF65E27BADB4280766DBB8849B69E547D0420D5788A31471669A0E0FB06\r\n\r\n返回\r\n{\r\n    \"code\": 0,\r\n    \"data\": {\r\n        \"download_url\": \"http://cd-ctfs.ftn.qq.com/ftn_handler/771cd0950ccf68289318f82e091e3a833a18dbf6c224c23109b626076bc088f7c3c4e86364436bcd4c28954e2ec002cdb079b3ba4a0f28a8509e0be9642f4269\",\r\n        \"download_cookie\": \"FTN5K=74c8875c\"\r\n    },\r\n    \"msg\": \"下载重命名:只需要在链接后面添加- /testName.mp4(后缀名称请根据实际文件后缀填写),如:http://**-***.ftn.qq.com/ftn_handler/cc1fe46baf99c7409****************/testName.mp4\"\r\n}\r\n\r\n\r\n直接复制 download_url的值就可以下载了.IDM或者浏览器都可以.名字乱码就在链接后面/testName.mp4加一下就行.\r\n\r\n\r\n\r\n他是调用微云的.速度很快.IDM直接跑满.\r\n\r\n并不是每一个磁力链都能解析出来的\r\n\r\n我发现了,正常的磁力链解析率很低.不正常的到时基本都能出来.比如前几天MJJ发的神秘代码都可以.不知道这个人咋弄的...\r\n\r\n\r\n由于是调用解密他的API.所以不保证长时间可用.就是玩玩学习一下而已\r\n\r\nnavicat15\r\nhttps://www.52pojie.cn/thread-1098696-1-1.html\r\n\r\nhttps://www.52pojie.cn/thread-998575-1-2.html\r\n阿里图床\r\n\r\nhttps://www.52pojie.cn/thread-1081260-1-3.htmlhttps://www.52pojie.cn/thread-1081260-1-3.html百度图床\r\n\r\nm3u8php\r\n\r\nhttps://www.52pojie.cn/thread-1100577-1-4.html\r\n\r\n',0,1,NULL,'post','publish',NULL,0,'1','0','0',0,8),(9,'文章归档','9',1581211680,1581275708,'<!--markdown-->',5,1,'files.php','page','publish',NULL,0,'0','0','1',0,0),(10,'spring','10',1581211860,1581276022,'<!--markdown--># Spring大法\r\n\r\n> Spring是分层的 Java SE/EE应用 full-stack 轻量级开源框架，以 IoC（Inverse Of Control： 反转控制）和 AOP（Aspect Oriented Programming：面向切面编程）为内核，提供了展现层 Spring MVC 和持久层 Spring JDBC 以及业务层事务管理等众多的企业级应用技术，还能整合开源世界众多 著名的第三方框架和类库，逐渐成为使用最多的Java EE 企业应用开源框架\r\n\r\n\r\n\r\n\r\n\r\n```java\r\nclass Demo2{\r\n	\r\n	\r\n	public static void main(String[] args){\r\n		\r\n		System.out.println(\"fff\");\r\n	}\r\n}\r\n```\r\n\r\n\r\n\r\n```java\r\nclass Demo{\r\n	\r\n	\r\n	public static void main(String[] args){\r\n		\r\n		System.out.println(\"hello world!\");\r\n	}\r\n}\r\n```\r\n\r\n## 引入\r\n\r\n### 为什么要用Spring\r\n\r\n在以往的java程序开发中，我们在实现功能的时候，都是通过自己定义一个类或者接口，然后使用这个类去实现我们所需要的功能，然后在需要实现功能的时候通过**new**关键字去实例化一个类，然后去调用这个类的对象。\r\n\r\n这里就产生了一种很不好的现象，程序之间的耦合度就十分的高了。为了解决这个程序耦合度的问题，我们可以通过工厂模式解决不断**new**对象的过程，从而达到一种境界。就是即使这个对象的定义不在我们源代码中，我们也可以顺利的编译出来，直到运行的时候才会提示异常。\r\n\r\n### 设计思想\r\n\r\n通过工厂模式去读取配置文件的信息，根据配置文件给出的信息，通过反射的方式去实例化这个类，然后返回。这里用的是单例设计模式。\r\n\r\n```java\r\n/**\r\n * 一个创建Bean对象的工厂\r\n *\r\n * Bean：在计算机英语中，有可重用组件的含义。\r\n * JavaBean：用java语言编写的可重用组件。\r\n *      javabean >  实体类\r\n *\r\n *   它就是创建我们的service和dao对象的。\r\n *\r\n *   第一个：需要一个配置文件来配置我们的service和dao\r\n *           配置的内容：唯一标识=全限定类名（key=value)\r\n *   第二个：通过读取配置文件中配置的内容，反射创建对象\r\n *\r\n *   我的配置文件可以是xml也可以是properties\r\n */\r\npublic class BeanFactory {\r\n    //定义一个Properties对象\r\n    private static Properties props;\r\n\r\n    //定义一个Map,用于存放我们要创建的对象。我们把它称之为容器\r\n    private static Map<String,Object> beans;\r\n\r\n    //使用静态代码块为Properties对象赋值\r\n    static {\r\n        try {\r\n            //实例化对象\r\n            props = new Properties();\r\n            //获取properties文件的流对象\r\n            InputStream in = BeanFactory.class.getClassLoader().getResourceAsStream(\"bean.properties\");\r\n            props.load(in);\r\n            //实例化容器\r\n            beans = new HashMap<String,Object>();\r\n            //取出配置文件中所有的Key\r\n            Enumeration keys = props.keys();\r\n            //遍历枚举\r\n            while (keys.hasMoreElements()){\r\n                //取出每个Key\r\n                String key = keys.nextElement().toString();\r\n                //根据key获取value\r\n                String beanPath = props.getProperty(key);\r\n                //反射创建对象\r\n                Object value = Class.forName(beanPath).newInstance();\r\n                //把key和value存入容器中\r\n                beans.put(key,value);\r\n            }\r\n        }catch(Exception e){\r\n            throw new ExceptionInInitializerError(\"初始化properties失败！\");\r\n        }\r\n    }\r\n\r\n    /**\r\n     * 根据bean的名称获取对象\r\n     * @param beanName\r\n     * @return\r\n     */\r\n    public static Object getBean(String beanName){\r\n        return beans.get(beanName);\r\n    }\r\n\r\n    /**\r\n     * 根据Bean的名称获取bean对象\r\n     * @param beanName\r\n     * @return\r\n\r\n    public static Object getBean(String beanName){\r\n        Object bean = null;\r\n        try {\r\n            String beanPath = props.getProperty(beanName);\r\n//            System.out.println(beanPath);\r\n            bean = Class.forName(beanPath).newInstance();//每次都会调用默认构造函数创建对象\r\n        }catch (Exception e){\r\n            e.printStackTrace();\r\n        }\r\n        return bean;\r\n    }*/\r\n}\r\n```\r\n\r\n写好配置文件 bean.properties\r\n\r\n	accountService=com.itheima.service.impl.AccountServiceImpl\r\n	accountDao=com.itheima.dao.impl.AccountDaoImpl\r\n\r\n使用工厂模式去创建对象\r\n\r\n```java\r\n/**\r\n * 账户的业务层实现类\r\n */\r\npublic class AccountServiceImpl implements IAccountService {\r\n//    private IAccountDao accountDao = new AccountDaoImpl();\r\n    private IAccountDao accountDao = (IAccountDao)BeanFactory.getBean(\"accountDao\");\r\n//    private int i = 1;\r\n    public void  saveAccount(){\r\n        int i = 1;\r\n        accountDao.saveAccount();\r\n        System.out.println(i);\r\n        i++;\r\n    }\r\n}\r\n```\r\n\r\n## Spring的入门案例\r\n\r\n首先需要在maven中引入坐标\r\n\r\n```xml\r\n<dependencies>\r\n    <dependency>\r\n        <groupId>org.springframework</groupId>\r\n        <artifactId>spring-context</artifactId>\r\n        <version>5.0.2.RELEASE</version>\r\n    </dependency>\r\n</dependencies>\r\n```\r\n\r\n写好配置文件\r\n\r\n```xml\r\n<?xml version=\"1.0\" encoding=\"UTF-8\"?>\r\n<beans xmlns=\"http://www.springframework.org/schema/beans\"\r\n       xmlns:xsi=\"http://www.w3.org/2001/XMLSchema-instance\"\r\n       xsi:schemaLocation=\"http://www.springframework.org/schema/beans\r\n                           http://www.springframework.org/schema/beans/spring-beans.xsd\">\r\n    <!--把对象的创建交给spring来管理-->\r\n    <bean id=\"accountService\" class=\"com.itheima.service.impl.AccountServiceImpl\"></bean>\r\n    <bean id=\"accountDao\" class=\"com.itheima.dao.impl.AccountDaoImpl\"></bean>\r\n</beans>\r\n```\r\n\r\n准备一个使用的类\r\n\r\n```java\r\n/**\r\n * 模拟一个表现层，用于调用业务层\r\n */\r\npublic class Client {\r\n    /**\r\n     * 获取spring的Ioc核心容器，并根据id获取对象\r\n     *\r\n     * ApplicationContext的三个常用实现类：\r\n     *      ClassPathXmlApplicationContext：它可以加载类路径下的配置文件，要求配置文件必须在类路径下。不在的话，加载不了。(更常用)\r\n     *      FileSystemXmlApplicationContext：它可以加载磁盘任意路径下的配置文件(必须有访问权限）\r\n     *\r\n     *      AnnotationConfigApplicationContext：它是用于读取注解创建容器的，是明天的内容。\r\n     *\r\n     * 核心容器的两个接口引发出的问题：\r\n     *  ApplicationContext:     单例对象适用              采用此接口\r\n     *      它在构建核心容器时，创建对象采取的策略是采用立即加载的方式。也就是说，只要一读取完配置文件马上就创建配置文件中配置的对象。\r\n     *\r\n     *  BeanFactory:            多例对象使用\r\n     *      它在构建核心容器时，创建对象采取的策略是采用延迟加载的方式。也就是说，什么时候根据id获取对象了，什么时候才真正的创建对象。\r\n     * @param args\r\n     */\r\n    public static void main(String[] args) {\r\n        //1.获取核心容器对象\r\n        ApplicationContext ac = new ClassPathXmlApplicationContext(\"bean.xml\");\r\n//        ApplicationContext ac = new FileSystemXmlApplicationContext(\"C:\\\\Users\\\\zhy\\\\Desktop\\\\bean.xml\");\r\n        //2.根据id获取Bean对象\r\n        IAccountService as  = (IAccountService)ac.getBean(\"accountService\");\r\n        IAccountDao adao = ac.getBean(\"accountDao\",IAccountDao.class);\r\n\r\n        System.out.println(as);\r\n        System.out.println(adao);\r\n        as.saveAccount();\r\n        //--------BeanFactory----------\r\n//        Resource resource = new ClassPathResource(\"bean.xml\");\r\n//        BeanFactory factory = new XmlBeanFactory(resource);\r\n//        IAccountService as  = (IAccountService)factory.getBean(\"accountService\");\r\n//        System.out.println(as);\r\n    }\r\n}\r\n```\r\n\r\n### 关键分析\r\n\r\n我们把实例化对象的这个操作交给了spring去管理\r\n\r\n**使用分析**\r\n\r\n使用spring，我们首先需要获取一个核心容器，去执行反射从而获取到我们想要的对象。同时我们需要把我们的配置文件传入进去从而获取到要给所需要的核心容器。\r\n\r\n```java\r\nApplicationContext ac = new ClassPathXmlApplicationContext(\"bean.xml\");\r\n```\r\n\r\n获取核心容器可以有两种方式去获取，一种是\r\n\r\n```java\r\nApplicationContext ac = new ClassPathXmlApplicationContext(\"bean.xml\");\r\n```\r\n\r\n另外一种是\r\n\r\n```java\r\nApplicationContext ac = new FileSystemXmlApplicationContext(\"C:\\\\Users\\\\zhy\\\\Desktop\\\\bean.xml\");\r\n```\r\n\r\n**这两种的不同之处**\r\n\r\n**ApplicationContext：是使用类加载的方式去获取配置文件，优势是可以获取到当前类目录下的配置文件，缺点是如果当前类目录下的配置文件被删除了，那么就报错**\r\n\r\n**FileSystemXmlApplicationContext：是使用文件流的方法去获取配置文件，优势是可以访问到本机目录下的所有文件，换句话说就是不管你文件放在哪里，我们都能够读取到。但是有个很关键的细节，就是一定要有对这个文件的访问权限，我们才能读取到这个文件。举个例子，假设这个文件被别的程序打开，那么在这个时候，我们就无法访问到这个文件。**\r\n\r\n**还有一种获取容器的方式**\r\n\r\n**AnnotationConfigApplicationContext：它是用于读取注解创建容器的，是明天的内容。**\r\n\r\n**核心容器的两个接口引发出的问题：**\r\n\r\n**ApplicationContext:     单例对象适用              采用此接口**\r\n\r\n**它在构建核心容器时，创建对象采取的策略是采用立即加载的方式。也就是说，只要一读取完配置文件马上就创建配置文件中配置的对象。**\r\n\r\n**BeanFactory:            多例对象使用**\r\n\r\n**它在构建核心容器时，创建对象采取的策略是采用延迟加载的方式。也就是说，什么时候根据id获取对象了，什么时候才真正的创建对象。**\r\n\r\n\r\n\r\n\r\n\r\n\r\n\r\n\r\n\r\n\r\n\r\n\r\n\r\n## XML配置文件\r\n\r\n前面已经说过了，我们通过配置文件的方式交给spring从而获得我们想要的对象，那么这个配置文件应该怎么写呢？\r\n\r\n### 约束\r\n\r\n首先我们需要给xml定义一个约束\r\n\r\n```xml\r\n<?xml version=\"1.0\" encoding=\"UTF-8\"?>\r\n<beans xmlns=\"http://www.springframework.org/schema/beans\"\r\n       xmlns:xsi=\"http://www.w3.org/2001/XMLSchema-instance\"\r\n       xsi:schemaLocation=\"http://www.springframework.org/schema/beans\r\n                           http://www.springframework.org/schema/beans/spring-beans.xsd\">\r\n\r\n    <bean id=\"...\" class=\"...\">\r\n        <!-- collaborators and configuration for this bean go here -->\r\n    </bean>\r\n\r\n    <bean id=\"...\" class=\"...\">\r\n        <!-- collaborators and configuration for this bean go here -->\r\n    </bean>\r\n\r\n    <!-- more bean definitions go here -->\r\n\r\n</beans>\r\n```\r\n\r\n## spring对bean的管理细节\r\n\r\n### 创建bean的三种方式 \r\n\r\n先贴一个比较完整的bean配置方式\r\n\r\n```xml\r\n<?xml version=\"1.0\" encoding=\"UTF-8\"?>\r\n<beans xmlns=\"http://www.springframework.org/schema/beans\"\r\n       xmlns:xsi=\"http://www.w3.org/2001/XMLSchema-instance\"\r\n       xsi:schemaLocation=\"http://www.springframework.org/schema/beans\r\n                           http://www.springframework.org/schema/beans/spring-beans.xsd\">\r\n\r\n    <!--把对象的创建交给spring来管理-->\r\n    <!--spring对bean的管理细节\r\n        1.创建bean的三种方式\r\n        2.bean对象的作用范围\r\n        3.bean对象的生命周期\r\n    -->\r\n\r\n    <!--创建Bean的三种方式 -->\r\n    <!-- 第一种方式：使用默认构造函数创建。\r\n            在spring的配置文件中使用bean标签，配以id和class属性之后，且没有其他属性和标签时。\r\n            采用的就是默认构造函数创建bean对象，此时如果类中没有默认构造函数，则对象无法创建。\r\n\r\n    <bean id=\"accountService\" class=\"com.itheima.service.impl.AccountServiceImpl\"></bean>\r\n    -->\r\n\r\n    <!-- 第二种方式： 使用普通工厂中的方法创建对象（使用某个类中的方法创建对象，并存入spring容器）\r\n    <bean id=\"instanceFactory\" class=\"com.itheima.factory.InstanceFactory\"></bean>\r\n    <bean id=\"accountService\" factory-bean=\"instanceFactory\" factory-method=\"getAccountService\"></bean>\r\n    -->\r\n\r\n    <!-- 第三种方式：使用工厂中的静态方法创建对象（使用某个类中的静态方法创建对象，并存入spring容器)\r\n    <bean id=\"accountService\" class=\"com.itheima.factory.StaticFactory\" factory-method=\"getAccountService\"></bean>\r\n    -->\r\n\r\n    <!-- bean的作用范围调整\r\n        bean标签的scope属性：\r\n            作用：用于指定bean的作用范围\r\n            取值： 常用的就是单例的和多例的\r\n                singleton：单例的（默认值）\r\n                prototype：多例的\r\n                request：作用于web应用的请求范围\r\n                session：作用于web应用的会话范围\r\n                global-session：作用于集群环境的会话范围（全局会话范围），当不是集群环境时，它就是session\r\n\r\n    <bean id=\"accountService\" class=\"com.itheima.service.impl.AccountServiceImpl\" scope=\"prototype\"></bean>\r\n    -->\r\n\r\n    <!-- bean对象的生命周期\r\n            单例对象\r\n                出生：当容器创建时对象出生\r\n                活着：只要容器还在，对象一直活着\r\n                死亡：容器销毁，对象消亡\r\n                总结：单例对象的生命周期和容器相同\r\n            多例对象\r\n                出生：当我们使用对象时spring框架为我们创建\r\n                活着：对象只要是在使用过程中就一直活着。\r\n                死亡：当对象长时间不用，且没有别的对象引用时，由Java的垃圾回收器回收\r\n     -->\r\n    <bean id=\"accountService\" class=\"com.itheima.service.impl.AccountServiceImpl\"\r\n          scope=\"prototype\" init-method=\"init\" destroy-method=\"destroy\"></bean>\r\n</beans>\r\n```\r\n\r\n\r\n\r\n**理解**\r\n\r\n有三种创建bean对象的方式\r\n\r\n- 通过默认构造函数创建\r\n- 通过普通工厂中的方法对象创建对象\r\n- 通过工厂中的静态方法创建对象\r\n\r\n#### 用默认构造函数创建bean\r\n\r\n这里先贴出用默认构造函数创建bean的关键代码\r\n\r\n```xml\r\n<!-- 第一种方式：使用默认构造函数创建。\r\n            在spring的配置文件中使用bean标签，配以id和class属性之后，且没有其他属性和标签时。\r\n            采用的就是默认构造函数创建bean对象，此时如果类中没有默认构造函数，则对象无法创建。-->\r\n<bean id=\"accountService\" class=\"com.itheima.service.impl.AccountServiceImpl\"></bean>\r\n\r\n```\r\n\r\n#### 用普通工厂创建bean\r\n\r\n第二种用普通工厂创建bean对象的关键代码\r\n\r\n```xml\r\n<!-- 第二种方式： 使用普通工厂中的方法创建对象（使用某个类中的方法创建对象，并存入spring容器）-->\r\n<bean id=\"instanceFactory\" class=\"com.itheima.factory.InstanceFactory\"></bean>\r\n<bean id=\"accountService\" factory-bean=\"instanceFactory\" factory-method=\"getAccountService\"></bean>\r\n    \r\n```\r\n\r\n普通工厂的java类\r\n\r\n```java\r\n/**\r\n * 模拟一个工厂类（该类可能是存在于jar包中的，我们无法通过修改源码的方式来提供默认构造函数）\r\n */\r\npublic class InstanceFactory {\r\n\r\n    public IAccountService getAccountService(){\r\n        return new AccountServiceImpl();\r\n    }\r\n}\r\n```\r\n\r\n#### 用普通工厂的静态方法创建bean\r\n\r\n第三种用工厂的静态方法创建bean对象的关键代码\r\n\r\n```xml\r\n<!-- 第三种方式：使用工厂中的静态方法创建对象（使用某个类中的静态方法创建对象，并存入spring容器)-->\r\n<bean id=\"accountService\" class=\"com.itheima.factory.StaticFactory\" \r\n      factory-method=\"getAccountService\"></bean>\r\n\r\n```\r\n\r\n\r\n\r\n\r\n普通工厂的静态方法\r\n\r\n```java\r\n/**\r\n * 模拟一个工厂类（该类可能是存在于jar包中的，我们无法通过修改源码的方式来提供默认构造函数）\r\n */\r\npublic class StaticFactory {\r\n\r\n    public static IAccountService getAccountService(){\r\n        return new AccountServiceImpl();\r\n    }\r\n}\r\n```\r\n\r\n### bean的作用范围\r\n\r\n```xml\r\n<!-- bean的作用范围调整\r\n        bean标签的scope属性：\r\n            作用：用于指定bean的作用范围\r\n            取值： 常用的就是单例的和多例的\r\n                singleton：单例的（默认值）\r\n                prototype：多例的\r\n                request：作用于web应用的请求范围\r\n                session：作用于web应用的会话范围\r\n                global-session：作用于集群环境的会话范围（全局会话范围），当不是集群环境时，它就是session\r\n-->\r\n<bean id=\"accountService\" class=\"com.itheima.service.impl.AccountServiceImpl\" scope=\"prototype\"></bean>\r\n```\r\n\r\n\r\n\r\n### bean的生命周期\r\n\r\n```xml\r\n<!-- bean对象的生命周期\r\n            单例对象\r\n                出生：当容器创建时对象出生\r\n                活着：只要容器还在，对象一直活着\r\n                死亡：容器销毁，对象消亡\r\n                总结：单例对象的生命周期和容器相同\r\n            多例对象\r\n                出生：当我们使用对象时spring框架为我们创建\r\n                活着：对象只要是在使用过程中就一直活着。\r\n                死亡：当对象长时间不用，且没有别的对象引用时，由Java的垃圾回收器回收\r\n-->\r\n```\r\n\r\n## 依赖注入\r\n\r\n### 什么是依赖注入\r\n\r\nDependency Injection\r\n\r\n### IOC的作用\r\n\r\n降低程序间的耦合（依赖关系）\r\n\r\n### 依赖关系的管理\r\n\r\n以后都交给spring来维护。在当前类需要用到其他类的对象，由spring为我们提供，我们只需要在配置文件中说明依赖关系的维护就称之为依赖注入。\r\n\r\n### 能注入的数据：有三类\r\n\r\n- 基本类型和String\r\n\r\n- 其他bean类型（在配置文件中或者注解配置过的bean）\r\n\r\n- 复杂类型/集合类型\r\n\r\n### 注入的方式：有三种\r\n\r\n- 第一种：使用构造函数提供\r\n\r\n- 第二种：使用set方法提供\r\n\r\n- 第三种：使用注解提供\r\n\r\n#### 使用构造函数注入依赖\r\n\r\n```xml\r\n<!--构造函数注入：\r\n        使用的标签:constructor-arg\r\n        标签出现的位置：bean标签的内部\r\n        标签中的属性\r\n            type：用于指定要注入的数据的数据类型，该数据类型也是构造函数中某个或某些参数的类型\r\n            index：用于指定要注入的数据给构造函数中指定索引位置的参数赋值。索引的位置是从0开始\r\n            name：用于指定给构造函数中指定名称的参数赋值                                        常用的\r\n            =============以上三个用于指定给构造函数中哪个参数赋值===============================\r\n            value：用于提供基本类型和String类型的数据\r\n            ref：用于指定其他的bean类型数据。它指的就是在spring的Ioc核心容器中出现过的bean对象\r\n\r\n        优势：\r\n            在获取bean对象时，注入数据是必须的操作，否则对象无法创建成功。\r\n        弊端：\r\n            改变了bean对象的实例化方式，使我们在创建对象时，如果用不到这些数据，也必须提供。\r\n    -->\r\n<bean id=\"accountService\" class=\"com.itheima.service.impl.AccountServiceImpl\">\r\n    <constructor-arg name=\"name\" value=\"泰斯特\"></constructor-arg>\r\n    <constructor-arg name=\"age\" value=\"18\"></constructor-arg>\r\n    <constructor-arg name=\"birthday\" ref=\"now\"></constructor-arg>\r\n</bean>\r\n\r\n<!-- 配置一个日期对象 -->\r\n<bean id=\"now\" class=\"java.util.Date\"></bean>\r\n```\r\n\r\n#### 使用set方法注入依赖\r\n\r\n```xml\r\n<!-- set方法注入                更常用的方式\r\n        涉及的标签：property\r\n        出现的位置：bean标签的内部\r\n        标签的属性\r\n            name：用于指定注入时所调用的set方法名称\r\n            value：用于提供基本类型和String类型的数据\r\n            ref：用于指定其他的bean类型数据。它指的就是在spring的Ioc核心容器中出现过的bean对象\r\n        优势：\r\n            创建对象时没有明确的限制，可以直接使用默认构造函数\r\n        弊端：\r\n            如果有某个成员必须有值，则获取对象是有可能set方法没有执行。\r\n    -->\r\n<bean id=\"accountService2\" class=\"com.itheima.service.impl.AccountServiceImpl2\">\r\n    <property name=\"name\" value=\"TEST\" ></property>\r\n    <property name=\"age\" value=\"21\"></property>\r\n    <property name=\"birthday\" ref=\"now\"></property>\r\n</bean>\r\n\r\n<!-- 复杂类型的注入/集合类型的注入\r\n        用于给List结构集合注入的标签：\r\n            list array set\r\n        用于个Map结构集合注入的标签:\r\n            map  props\r\n        结构相同，标签可以互换\r\n    -->\r\n<bean id=\"accountService3\" class=\"com.itheima.service.impl.AccountServiceImpl3\">\r\n    <property name=\"myStrs\">\r\n        <set>\r\n            <value>AAA</value>\r\n            <value>BBB</value>\r\n            <value>CCC</value>\r\n        </set>\r\n    </property>\r\n\r\n    <property name=\"myList\">\r\n        <array>\r\n            <value>AAA</value>\r\n            <value>BBB</value>\r\n            <value>CCC</value>\r\n        </array>\r\n    </property>\r\n\r\n    <property name=\"mySet\">\r\n        <list>\r\n            <value>AAA</value>\r\n            <value>BBB</value>\r\n            <value>CCC</value>\r\n        </list>\r\n    </property>\r\n\r\n    <property name=\"myMap\">\r\n        <props>\r\n            <prop key=\"testC\">ccc</prop>\r\n            <prop key=\"testD\">ddd</prop>\r\n        </props>\r\n    </property>\r\n\r\n    <property name=\"myProps\">\r\n        <map>\r\n            <entry key=\"testA\" value=\"aaa\"></entry>\r\n            <entry key=\"testB\">\r\n                <value>BBB</value>\r\n            </entry>\r\n        </map>\r\n    </property>\r\n</bean>\r\n```\r\n\r\n#### 使用注解的方式注入(在后面会写)\r\n\r\n### ',0,1,NULL,'post','private',NULL,0,'1','1','1',0,12),(15,'Centos7无法访问网络','15',1581231900,1581232497,'<!--markdown-->## 问题引入\r\n> 在本地用虚拟机装Centos7的时候，曾经出现过无法联网的问题，尝试百度了一波，发现需要设置启动网卡。\r\n\r\n## 解决方案\r\n\r\n	vi /etc/sysconfig/network-scripts/ifcfg-ens33\r\n\r\n按i进入编辑模式\r\n\r\n然后设置\r\n\r\n	BOOTPROTO=dhcp\r\n	ONBOOT=yes\r\n\r\n最后重启服务就可以了\r\n\r\n	service network restart\r\n',0,1,NULL,'post','private',NULL,0,'1','1','1',0,2),(18,'Linux + Caddy + Aria2 + AriaNg，实现离线下载、文件管理、在线播放等功能。','18',1581275040,1581879562,'<!--markdown-->## 前言\r\n\r\n最近入手了一台性能比较低的vps，想着现在已经够用了，然后就一直放在角落里吃灰，后来想了想还是用来搭建一个离线下载的环境吧。用了搜索引擎看了下各种搭建离线下载的环境，发现有个CCAA的方案好像挺不错的。\r\n\r\n## 实现方案CCAA\r\n\r\n- Aria2 提供离线下载\r\n- AriaNg为Aria2 提供WEB界面\r\n- Caddy filemanager提供文件管理\r\n\r\n### 主要功能\r\n- 支持HTTP/HTTPS/FTP/BT/磁力链接等离线下载，断点续传等\r\n- 文件管理、视频在线播放\r\n- 完善的帮助文档\r\n\r\n### 环境要求\r\n- CentOS 6+/Debian 8+/Ubuntu 14+\r\n- 操作系统要求64位\r\n\r\n### 截图\r\n\r\n\r\n\r\n![1557303054480-37c8c275-7d33-40d5-b5b8-6338875e06e2.png](https://i.loli.net/2020/02/10/AqZISWxlmNQCcBp.png)\r\n\r\n![1557303053217-ba4b9e54-f944-4f51-8915-50beb1d8c0e0.png](https://i.loli.net/2020/02/10/WGbctDdKYpO4wSL.png)\r\n\r\n## Quick Start\r\n\r\n这里使用作者提供的一键脚本进行安装\r\n\r\n```\r\n#CentOS执行以下命令\r\nyum -y install wget unzip curl\r\nwget https://github.com/helloxz/ccaa/archive/master.zip\r\nunzip master.zip && cd ccaa-master && sh ccaa.sh\r\n\r\n#Debian/Ubuntu执行以下命令\r\napt-get install -y wget unzip curl\r\nwget https://github.com/helloxz/ccaa/archive/master.zip && unzip master.zip\r\ncd ccaa-master && chmod +x *.sh && ./ccaa.sh\r\n```\r\n\r\n输入1安装CCAA\r\n\r\n![1572855504421-4b4d4ea6-9bbe-4392-8a27-98768b940e13.png](https://i.loli.net/2020/02/10/RfLxOXcHB39h7tF.png)\r\n\r\n\r\n根据提示设置下载路径、RPC密钥、用户名、密码，稍后需要用到。\r\n\r\n![1572855504510-2418f005-1278-40f7-85c8-141cc4b280a5.png](https://i.loli.net/2020/02/10/PAipb247BeucxvM.png)\r\n\r\n根据提示输入http://IP:6080/\r\n\r\n打开AriaNg界面，并输入上一个步骤中设置的Caddy用户名和密码。\r\n\r\n![1572855509887-bf68a7ef-6160-4684-85e0-cb87e513e3e3.png](https://i.loli.net/2020/02/10/wGRYZzOiqQnIFUX.png)\r\n\r\n![1572855506589-c4752704-6353-4af2-84b2-7d179a5ef451.png](https://i.loli.net/2020/02/10/D8Ao1OQzJxcSey9.png)\r\n\r\n\r\n\r\n打开AriaNg设置 - RPC ，填写Aria2 RPC 密钥，然后刷新页面，至此已经完成，可以愉快的开始下片啦。\r\n\r\n![1572855505381-734aeefd-f9bd-41c0-8e43-5216a70b2479.png](https://i.loli.net/2020/02/10/a2JSjfVDkrBTvRp.png)\r\n\r\n## 注意事项\r\n• 如果服务器有启用安全组，请务必在安全组放行以下端口：6080/6800/6998/51413\r\n• 大部分服务商是禁止下载BT的，若因违规使用导致服务器被封本人不承担任何责任\r\n\r\n## 常用命令\r\n```\r\n#查看ccaa状态\r\nccaa status\r\n#启动ccaa\r\nccaa start\r\n#停止ccaa\r\nccaa stop\r\n#重启ccaa\r\nccaa restart\r\n```\r\n## 更新Tracker\r\n\r\n```\r\n/etc/ccaa/upbt.sh\r\n```\r\n\r\n这里只建议每周更新一次\r\n\r\n## 配置相关\r\n\r\nCCAA所有配置文件位于/etc/ccaa/，无特殊情况一般不用修改.\r\n\r\n```\r\n[root@li1438-176 ~]# ll /etc/ccaa/\r\ntotal 64\r\n-rw-r--r--. 1 root root  4475 Oct  1 05:56 aria2.conf\r\n-rw-r--r--. 1 root root   231 Oct  1 05:33 aria2.log\r\n-rw-r--r--. 1 root root     0 Oct  1 05:33 aria2.session\r\ndrwxr-xr-x. 6 root root  4096 Sep 28 20:13 AriaNg\r\n-rw-r--r--. 1 root root   379 Oct  1 05:32 caddy.conf\r\n-rw-r--r--. 1 root root   207 Oct  1 05:32 caddy.log\r\n-rw-------. 1 root root 65536 Oct  1 05:32 ccaa.db\r\n-rwxr-xr-x. 1 root root   603 Oct  1 05:31 upbt.sh\r\n```\r\n\r\n- aria2.conf : Aria2配置文件\r\n- aria2.log : Aria2日志文件（排查Aria2错误需要）\r\n- aria2.session : Aria2 session文件\r\n- AriaNg : AriaNg WEB目录\r\n- caddy.conf : Caddy配置文件（记录了用户名、密码等信息）\r\n- caddy.log : Caddy日志文件（排查Caddy错误需要）\r\n- ccaa.db : Caddy数据库\r\n- upbt.sh : BT Tracker更新脚本\r\n\r\n### 查看密码\r\n\r\n```\r\n#查看Aria2 RPC 密钥\r\ncat /etc/ccaa/aria2.conf | grep \'rpc-secret=\'\r\n# 查看Caddy用户名、密码\r\ncat /etc/ccaa/caddy.conf | grep \'basicauth\'\r\n```\r\n\r\n### 修改密码\r\n\r\n- 如果需要修改Aria2 RPC 密钥密钥，请编辑/etc/ccaa/aria2.conf，找到rpc-secret=进行修改\r\n- 如果需要修改Caddy用户名、密码，请编辑/etc/ccaa/caddy.conf ，找到basicauth\r\n- 修改配置后需要输入命令ccaa restart重启服务生效\r\n\r\n### 开机启动CCAA\r\n\r\nCCAA默认没有设置开机自启，如果有需要，可通过如下方法完成。（仅在CentOS 7下测试过）\r\n\r\n```\r\n#设置权限\r\nchmod +x /etc/rc.d/rc.local\r\n#设置开机启动\r\necho \"/usr/sbin/ccaa start\" >> /etc/rc.d/rc.local\r\n```\r\n\r\n\r\n自动更新BT Tracker列表\r\n\r\n使用crontab可以设置自动更新BT Tracker列表，输入下面的命令：\r\n\r\n```\r\n#安装crontab，如已安装请跳过\r\nyum -y install crontabs\r\n#新增计划任务\r\ncrontab -e\r\n#添加如下内容\r\n* 2 * * 7 /etc/ccaa/upbt.sh > /dev/null\r\n#重启crontab服务\r\nservice crond reload  #CentOS 6\r\nsystemctl reload crond  #CentOS 7\r\n```\r\n\r\n### 卸载CCAA\r\n\r\n进入CCAA的脚本目录，然后重新执行ccaa.sh脚本根据提示完成，命令如下：\r\n\r\n```\r\n#进入ccaa目录\r\ncd ccaa-master\r\n#执行脚本\r\nsh ccaa.sh\r\n```\r\n\r\n## 引用链接\r\n\r\n作者Github:[CCAA](https://github.com/helloxz/ccaa \"CCAA\")\r\n\r\n官方帮助文档：[帮助文档](https://www.yuque.com/helloz/ccaa/readme \"帮助文档\")\r\n\r\n\r\n',0,1,NULL,'post','publish',NULL,0,'1','1','1',0,14),(33,'用Python来上传图片','33',1581426900,1581432257,'<!--markdown-->## 说明\r\n\r\n今天在研究图片上传的时候，突然发现自己对文件上传这部分的只是缺陷巨大，然后花了一整个下午进行恶补。终于对此有了稍微那么点自己的理解。\r\n\r\n## 理解\r\n\r\n首先可以肯定的是HTTP中图片的上传是和文件上传一样的，都是通过POST方式进行上传，一般用的都是模拟表单的操作。\r\n\r\n[![标记Content-Type](https://ae01.alicdn.com/kf/H8ade316ffa54418c8acf36326980197dq.png \"标记Content-Type\")](https://ae01.alicdn.com/kf/H8ade316ffa54418c8acf36326980197dq.png \"标记Content-Type\")\r\n\r\n这里首先要注意的就是这个```Content-Type```这个请求头，在文件上传中，这个请求头一般都是```multipart/form-data```，而且一般还需要一个随机生成的```boundary```作为唯一标记，帮助服务器和客户端去解析这个文件上传请求。\r\n\r\n但是在Python的post发送文件中，我们**不需要也不能**在请求头中设置```Content-Type```\r\n\r\n再把表单数据使用原始方式展示\r\n\r\n[![表单数据](https://ae01.alicdn.com/kf/H96b96988a7674c72b477ddee231ef60d1.png \"表单数据\")](https://ae01.alicdn.com/kf/H96b96988a7674c72b477ddee231ef60d1.png \"表单数据\")\r\n\r\n我们可以看到一个表单数据包括四个部分\r\n\r\n第一部分就是```表单分割标识```\r\n\r\n这个表单分割标识其实就是上面的```boundary```，在表单中使用这个分割多个数据，比如说一个表单中同时有```字符串```类型的数据，有```int```类型的数据，有```double```类型和```流```类型的数据(包括文件和图片)，那么这个时候就可以使用```boundary```分割同时去提交这么多种数据。当然，多个文件也是可以这么提交的。\r\n\r\n第二部分```name```就是```表单字段名```\r\n\r\n这个部分中name的属性就是表单的字段名称\r\n\r\n第三部分```filename```是```文件名```[可选]\r\n\r\n这个字段只有当前```表单字段名```的属性是一个文件时才会存在的，它的值就是提交的文件的本地名称。\r\n\r\n**当如果提交的字段属性是普通类型那么就不会出现这个字段。**\r\n\r\n第四部分```Content-Type```是```文件类型```[可选]\r\n\r\n这个字段也是只有当前```表单字段名```的属性是一个文件时才会存在的，他的值就是提交的文件的文件类型。\r\n\r\n**当如果提交的字段属性是普通类型那么就不会出现这个字段。**\r\n\r\n第五部分```data```是```值```\r\n\r\n只有需要提交的数据是非文件类型的时候，那么这个部分才会有值。\r\n\r\n假如说提交一个表单，username=zhangshan\r\n\r\n那么这个时候时候我们的第二部分```name```的值就是```username```\r\n\r\n第五部分就是```zhangsan```\r\n\r\n如果提交的数据是文件类型，那么这里应该就为空\r\n\r\n\r\n\r\n\r\n\r\n## 代码实现图片上传\r\n\r\n\r\n这里先放一个用于图片上传的接口API\r\n\r\n[![上传接口](https://ae01.alicdn.com/kf/H6f4dd4dc7a6e429ea53078f4d9a6ce933.png \"上传接口\")](https://ae01.alicdn.com/kf/H6f4dd4dc7a6e429ea53078f4d9a6ce933.png \"上传接口\")\r\n\r\n```python\r\nimport requests\r\nimport json\r\nimport os\r\n\r\nurl = \'https://api.uomg.com/api/image.ali\' #阿里图床\r\n#url = \'https://api.uomg.com/api/image.sogou\' #搜狗图床\r\n#url =\'https://api.uomg.com/api/image.juejin\' #掘金图床\r\n#url =\'https://api.uomg.com/api/image.360\' #奇虎360图床\r\n\r\n# 文件上传的函数\r\ndef uploadImg(fileName):\r\n    while True:\r\n        files = {\r\n            \'file\': (None, \'multipart\'),\r\n            \"Filedata\": (fileName, open(fileName, \'rb\'), \'image/png\')\r\n        }\r\n        r = requests.post(url, files=files)\r\n        js = json.loads(r.text)\r\n\r\n        if js[\'code\'] == 1:\r\n            print(fileName)\r\n            print(js[\'imgurl\'])\r\n            break\r\n\r\n\r\n\r\nif __name__ == \'__main__\':\r\n    # 设定文件路径\r\n    # 对目录下的文件进行遍历\r\n    path = os.path.abspath(\'.\')\r\n    file_list = os.listdir(path)\r\n    for file in file_list:\r\n        # 判断是否是文件\r\n        if os.path.isfile(os.path.join(path, file)) == True:\r\n            if file.endswith(\".jpg\") or file.endswith(\".png\"):\r\n                uploadImg(file)\r\n\r\n\r\n\r\n# 一般的上传失败返回代码\r\n# {\"code\":204002,\"msg\":\"图片上传失败！\"}  业务错误代码，一般可能是接口繁忙\r\n#成功返回代码\r\n#{\"code\":1,\"imgurl\":\"https://ae01.alicdn.com/kf/Hf0b293749445435a9f941920fcda8e95g.jpg\",\"data\":{\"fs_url\":\"Hf0b293749445435a9f941920fcda8e95g.jpg\",\"code\":\"0\",\"size\":\"80860\",\"width\":\"1280\",\"url\":\"https://ae01.alicdn.com/kf/Hf0b293749445435a9f941920fcda8e95g.jpg\",\"hash\":\"af69feeac309e10aadd7f2e302c28a09\",\"height\":\"931\"}}\r\n\r\n\r\n```\r\n\r\n\r\n## 参考\r\n\r\n这里参考别人写的了php上传图片的代码\r\n\r\n[![PHP代码](https://ae01.alicdn.com/kf/Hc83276d73a284d3caa04613f1df0c643i.png \"PHP代码\")](https://ae01.alicdn.com/kf/Hc83276d73a284d3caa04613f1df0c643i.png \"PHP代码\")\r\n\r\n\r\n\r\n',0,1,NULL,'post','private',NULL,0,'1','1','1',0,2),(28,'CentOS7安装JDK1.8','28',1581332280,1581332394,'<!--markdown-->## 前言\r\n\r\n 在服务器上安装jdk建议还是安装jdk8那个版本，亲测安装过jdk11然后部署项目的时候总会报莫名奇妙的错误，好像是有些依赖从jdk9就开始移除了。\r\n\r\n## 准备工作\r\n 先去官网获取jdk8的下载地址，当然也可以自己上传jdk8去服务器上。值得吐槽的Oracle那个公司现在好像是需要登录才可以下载jdk,不得不说是真的搞事情。这里分享一个jdk8的百度网盘地址\r\n\r\n 官网 [Oracle](https://www.oracle.com/technetwork/java/javase/downloads/jdk8-downloads-2133151.html \"Oracle\")\r\n\r\n 百度网盘\r\n\r\n 链接：https://pan.baidu.com/s/1Ms1lLW0y35-jKm5uYuCzTw\r\n 提取码：2p7t\r\n\r\n## 开始安装\r\n\r\n 安装之前要先卸载自带的jdk,先看一下自带的jdk版本\r\n\r\n 	java -version\r\n\r\n 然后卸载\r\n\r\n 	rpm -qa | grep java\r\n\r\n 命令说明：\r\n```\r\n rpm 　　管理套件\r\n\r\n -qa 　　使用询问模式，查询所有套件\r\n\r\n grep　　查找文件里符合条件的字符串\r\n\r\n java 　　查找包含java字符串的文件\r\n```\r\n\r\n\r\n 然后输入命令删除java开头的就对了\r\n\r\n 	rpm -e --nodeps java-1.6.0-openjdk-1.6.0.35-1.13.7.1.el6_6.i686\r\n\r\n 然后解压下载好的jdk\r\n\r\n 	tar –xvf  jdk.tar.gz\r\n\r\n 接着就是设置好环境变量就可以了\r\n\r\n 	vi /etc/profile\r\n\r\n 在配置文件最后一行加入这个\r\n\r\n 	#set java environment\r\n 	JAVA_HOME=/usr/local/jdk/jdk1.7.0_71\r\n 	CLASSPATH=.:$JAVA_HOME/lib.tools.jar\r\n 	PATH=$JAVA_HOME/bin:$PATH\r\n 	export JAVA_HOME CLASSPATH PATH\r\n\r\n 重新加载配置文件\r\n\r\n 	source /etc/profile\r\n\r\n 大功告成！\r\n\r\n 输入java -version查看是否安装成功\r\n',0,1,NULL,'post','private',NULL,0,'1','1','1',0,2),(29,'新版可续签的Office 365开发者试用订阅！E5(附自动续订的方法)','29',1581333120,1582035017,'<!--markdown-->## 前言\r\n\r\n以前的Office 365开发者试用订阅（简称E3）有效期只有一年，一年过后数据都没了。\r\n\r\n#### 现在微软推出的新版订阅有效时间位90天，可自动进行订阅\r\n\r\n官方教程(手动复制打开)：https://docs.microsoft.com/en-us/office/developer-program/office-365-developer-program\r\n\r\n## 1、加入Office 365开发人员计划\r\n\r\nhttps://developer.microsoft.com/en-us/office/dev-program\r\n\r\n![img](https://upload.cc/i1/2020/01/26/VnY9z6.png)\r\n\r\n## 2、右上角Microsoft帐户或启用Azure Active Directory的电子邮件登录\r\n\r\n## 3、登录后填写国家和地区\r\n\r\n \r\n\r\n![img](https://upload.cc/i1/2020/01/26/UtpMmJ.png)\r\n\r\n填写基本信息\r\n\r\n![img](https://upload.cc/i1/2020/01/26/25PoFH.png)\r\n\r\n## 4、创建订阅\r\n\r\n需要注意的是，这里选择的国家很重要，关系到你的onedrive数据等存储位置。比如我选择US，那么我的数据就是放在美国的微软数据中心。\r\n\r\n下面张图中的“域名”弄错了，因该是 “域”,可随意填写\r\n\r\n![img](https://upload.cc/i1/2020/01/26/Y28yjp.png)\r\n\r\n填写手机号进行验证\r\n\r\n![img](https://upload.cc/i1/2020/01/26/EzYro9.png)\r\n\r\n这样就注册好了，接下来需要对自己的账号添加许可证，不然用不了的。\r\n\r\n![img](https://upload.cc/i1/2020/01/26/TiszFW.png)\r\n\r\n## 5、添加许可证\r\n\r\n点击上图的 Go to subscription ，进入后台\r\n\r\n管理 – > 用户 -> 活跃用户 -> 点击用户名 -> 许可证和用户 ,添加好后点击应用就可以了\r\n\r\n![img](https://upload.cc/i1/2020/01/26/WO6cax.png)\r\n\r\n![img](https://upload.cc/i1/2020/01/26/aUj5lk.png)\r\n\r\n \r\n\r\n \r\n\r\n## 6、自动订阅 (保活)\r\n\r\n待完善……\r\n\r\n目前仅仅使用onedrive api就能保活(前提是必须要自己创建的api key)，所以使用oneindex程序就可以了。但实际上还是需要outlook api，等失效了再补上。',0,1,NULL,'post','private',NULL,0,'1','1','1',0,2),(37,'2020 年 02 月 12 日','2020-2-12-02:12:51',1581444771,1581444771,'<!--markdown-->https://github.com/heymind/OneDrive-Index-Cloudflare-Worker\n\nhttps://github.com/Rhilip/pt-gen-cfworker\n\nhttps://github.com/vcheckzen/FODI\nonedrive\n\nhttps://lemongeek.com/708.html\n\nhttps://www.onesrc.cn/p/using-cloudflare-to-write-a-download-assistant.html\n\nhttps://zvv.me/amp/1802.html\n\nhttps://www.hostloc.com/forum.php?mod=viewthread&tid=629019&highlight=cf&mobile=2\n\ngithub.com/free-gx/cf-agent\n\n',0,1,NULL,'post','publish',NULL,0,'0','0','0',0,3),(41,'一款网络流量监控工具','41',1581507180,1581507415,'<!--markdown-->## 说明\r\n\r\n在使用上传工具往OneDrive上传的时候，总忍不住想要看看实时的上传网速，先看看传的到底咋样了，但是用了`aria2`上传脚本后我们就没办法看到实时的状态。这里我们就可以用iftop去观察实时上传状态。\r\n\r\n\r\n## 安装\r\n\r\n首先需要安装`epel`源，然后用`yum`安装\r\n\r\n```\r\nyum -y install epel-release\r\nyum -y install iftop\r\n```\r\n\r\n## 使用\r\n\r\n安装成功后使用\r\n\r\n```\r\niftop -i eth0 -n -P\r\n```\r\n\r\n就可以看到实时状态了\r\n\r\n[![状态](https://img02.sogoucdn.com/app/a/100520146/b1880506d491b179feb79aadfb401d15 \"状态\")](https://img02.sogoucdn.com/app/a/100520146/b1880506d491b179feb79aadfb401d15 \"状态\")\r\n\r\n## 相关参数\r\n\r\n界面上面显示的是类似刻度尺的刻度范围，为显示流量图形的长条作标尺用的。\r\n\r\n中间的<= =>这两个左右箭头，表示的是流量的方向。\r\n\r\n`TX：`发送流量\r\n`RX：`接收流量\r\n`TOTAL：`总流量\r\n`Cumm：`运行iftop到目前时间的总流量\r\n`peak：`流量峰值\r\n`rates：`分别表示过去 2s 10s 40s 的平均流量\r\n\r\n## 命令说明\r\n\r\n常用的参数\r\n\r\n`-i`设定监测的网卡，如：# iftop -i eth1\r\n\r\n`-B` 以bytes为单位显示流量(默认是bits)，如：# iftop -B\r\n\r\n`-n`使host信息默认直接都显示IP，如：# iftop -n\r\n\r\n`-N`使端口信息默认直接都显示端口号，如: # iftop -N\r\n\r\n`-F`显示特定网段的进出流量，如# iftop -F 10.10.1.0/24或# iftop -F 10.10.1.0/255.255.255.0\r\n\r\n`-h`（display this message），帮助，显示参数信息\r\n\r\n`-p`使用这个参数后，中间的列表显示的本地主机信息，出现了本机以外的IP信息;\r\n\r\n`-b`使流量图形条默认就显示;\r\n\r\n`-f`这个暂时还不太会用，过滤计算包用的;\r\n\r\n`-P`使host信息及端口信息默认就都显示;\r\n\r\n`-m`设置界面最上边的刻度的最大值，刻度分五个大段显示，例：# iftop -m 100M\r\n\r\n## 进入iftop画面后的一些操作命令(注意大小写)\r\n\r\n按`h`切换是否显示帮助;\r\n\r\n按`n`切换显示本机的IP或主机名;\r\n\r\n按`s`切换是否显示本机的host信息;\r\n\r\n按`d`切换是否显示远端目标主机的host信息;\r\n\r\n按`t`切换显示格式为2行/1行/只显示发送流量/只显示接收流量;\r\n\r\n按`N`切换显示端口号或端口服务名称;\r\n\r\n按`S`切换是否显示本机的端口信息;\r\n\r\n按`D`切换是否显示远端目标主机的端口信息;\r\n\r\n按`p`切换是否显示端口信息;\r\n\r\n按`P`切换暂停/继续显示;\r\n\r\n按`b`切换是否显示平均流量图形条;\r\n\r\n按`B`切换计算2秒或10秒或40秒内的平均流量;\r\n\r\n按`T`切换是否显示每个连接的总流量;\r\n\r\n按`l`打开屏幕过滤功能，输入要过滤的字符，比如ip,按回车后，屏幕就只显示这个IP相关的流量信息;\r\n\r\n按`L`切换显示画面上边的刻度;刻度不同，流量图形条会有变化;\r\n\r\n按`j`或按`k`可以向上或向下滚动屏幕显示的连接记录;\r\n\r\n按`1`或`2`或`3`可以根据右侧显示的三列流量数据进行排序;\r\n\r\n按`<`根据左边的本机名或IP排序;\r\n\r\n按`>`根据远端目标主机的主机名或IP排序;\r\n\r\n按`o`切换是否固定只显示当前的连接;\r\n\r\n按`f`可以编辑过滤代码，这是翻译过来的说法，我还没用过这个！\r\n\r\n按`!`可以使用shell命令，这个没用过！没搞明白啥命令在这好用呢！\r\n\r\n按`q`退出监控。\r\n\r\n## 参考链接\r\n\r\n[VPSER](https://www.vpser.net/manage/iftop.html \"VPSER\")',0,1,NULL,'post','publish',NULL,0,'1','1','1',0,4),(38,'SOMETHING RECORD','38',1581482280,1581695129,'<!--markdown-->## 国际阿里云\r\n\r\n### 账号信息\r\n账号  邮箱密码  登录密码\r\nisidor.sveshnikov@mail.ru----IT5cILGf3O----61OMDIbpi&@\r\nAa963508700 邮箱密码\r\nAa934692680 账号密码\r\n745338 远程密码\r\nAa123456 实例密码\r\n\r\n### 宝塔信息\r\n\r\nBt-Panel: http://47.56.4.70:8888/c00809a8\r\nusername: ds1w3p2e\r\npassword: 2d6bab7a\r\n\r\n## 国外小鸡\r\n\r\n### fr宝塔信息\r\n\r\nBt-Panel: http://205.185.120.77:8888\r\nusername: oblbkmzh\r\npassword: 3ea9a5fb\r\n\r\n\r\n## 有空看就看的文章\r\n\r\nmangabz的分析\r\n\r\nhttps://www.52pojie.cn/thread-1098034-1-1.html\r\n\r\n## 免费虚拟主机\r\n\r\n### 彩虹云\r\n\r\n### 爱网云\r\n\r\n\r\n\r\n\r\n## 配置记录\r\n\r\n### 天翼网盘API\r\n\r\n```\r\n<?php\r\n/* 欢迎使用TCShare！这是一个天翼云的目录列表程序。\r\n   在下面填写你的网盘信息，然后授权使用吧！\r\n   @xyToki https://xylog.cn 2020-02-02\r\n   https://github.com/xyToki/TCShare */\r\n \r\n/*--个性化配置--*/\r\n    /*--站点名称--*/\r\n    define(\"APP_NAME\",\"Otakuの分享\");\r\n    /*--站点主题--*/\r\n    define(\"APP_THEME\",\"mdui\");\r\n    /*--共享目录--*/\r\n    define(\"APP_PATH\",\"/\");\r\n/*--授权配置--*/\r\n    /*--AccessToken，只需要填写一次，Renew的时候无需改变--*/\r\n    /**/\r\n    define(\"ACCESS_TOKEN\",\"1E839AD7D610674A85D5CE19ABA127A0\");\r\n    /*--应用文件夹名，申请API的时候获得--*/\r\n    define(\"FD\",\"safebox\");\r\n    /*--App Key--*/\r\n    define(\"AK\",\"600102343\");\r\n    /*--Secret Key--*/\r\n    define(\"SK\",\"93c6a3491a5e1d93af0e44b470798148\");\r\n\r\n\r\n\r\nApp Key: 600102343\r\nApp Secret: 93c6a3491a5e1d93af0e44b47079814\r\n\r\n\r\nself.app_key=\"600102343\"\r\nself.app_secret=\"93c6a3491a5e1d93af0e44b470798148\"\r\n\r\n\r\n\r\n\r\n#AppKey=b\"600086127\"\r\n#timestamp=b\"1386060076658\"\r\n#AppSecret=\"dcfc389d74c6a9f437a6fa4972f3ed69\"\r\n\r\nAppSecret=\"93c6a3491a5e1d93af0e44b470798148\"\r\nAppId=\"600102343\"\r\n\r\n\r\n\r\n/*--配置结束--*/\r\n```\r\n\r\n\r\n\r\n\r\n\r\n\r\n\r\n',0,1,NULL,'post','private',NULL,0,'1','1','1',0,14),(39,'Centos的一些笔记','39',1581483600,1581485134,'<!--markdown-->## 说明\r\n\r\n不知不觉中从一开始啥都不懂到现在还是啥都不懂这个令人心酸的学习过程之中，多多少少都还是会有那么一丢丢学习心得。这里就总结一下linux系统的一些命令\r\n\r\n## 网络相关\r\n\r\n这里介绍一些可能会用的上的命令\r\n\r\n\r\n### `CentOS7`查看`IP`地址\r\n\r\n	ip addr\r\n\r\n如果是虚拟机的话只有ens33这个网卡显示的IP地址才是局域网中的IP地址\r\n\r\n[![查看IP地址](https://ae01.alicdn.com/kf/H952ab98444c74b4cb3348ab4024a0f29A.png \"查看IP地址\")](https://ae01.alicdn.com/kf/H952ab98444c74b4cb3348ab4024a0f29A.png \"查看IP地址\")\r\n\r\n\r\n### CentOS7无法访问网络\r\n\r\n一般这个问题只有虚拟机初次安装CentOS7系统造成的\r\n\r\n出现这个问题的主要原因其实就是没有启用ens33网卡\r\n\r\n我们需要编辑`/etc/sysconfig/network-scripts/ifcfg-ens33`这个文件，并且设置`BOOTPROTO=dhcp`，`ONBOOT=yes`即可。\r\n\r\n	vi /etc/sysconfig/network-scripts/ifcfg-ens33\r\n\r\n[![设置开启网卡](https://ae01.alicdn.com/kf/H375dd040e9624490970eb5122b7078c9a.png \"设置开启网卡\")](https://ae01.alicdn.com/kf/H375dd040e9624490970eb5122b7078c9a.png \"设置开启网卡\")\r\n\r\n然后需要要重启一下网络服务\r\n\r\n	service network restart\r\n\r\n[![重启网络服务](https://ae01.alicdn.com/kf/H7d9797d3021344008eeeaa28c243da24A.png \"重启网络服务\")](https://ae01.alicdn.com/kf/H7d9797d3021344008eeeaa28c243da24A.png \"重启网络服务\")\r\n\r\n## 端口相关\r\n\r\n### 查询已经放行的端口\r\n\r\n	firewall-cmd --list-ports\r\n\r\n[![查询放行端口](https://ae01.alicdn.com/kf/Hb97c2fe9032647bfb2686aaa17dd67a65.png \"查询放行端口\")](https://ae01.alicdn.com/kf/Hb97c2fe9032647bfb2686aaa17dd67a65.png \"查询放行端口\")\r\n\r\n### 放行端口\r\n\r\n	firewall-cmd --zone=public --add-port=8082/tcp --permanent\r\n\r\n[![放行端口](https://ae01.alicdn.com/kf/H122cc5a7b80949a9a1182d0015c38c1el.png \"放行端口\")](https://ae01.alicdn.com/kf/H122cc5a7b80949a9a1182d0015c38c1el.png \"放行端口\")\r\n\r\n```\r\n命令含义：\r\n\r\n–zone #作用域\r\n\r\n–add-port=80/tcp #添加端口，格式为：端口/通讯协议\r\n\r\n–permanent #永久生效，没有此参数重启后失效\r\n\r\n```\r\n\r\n**注意：放行端口后需要重启防火墙才生效**\r\n\r\n### 重启防火墙\r\n\r\n	firewall-cmd --reload\r\n\r\n\r\n[![重启防火墙](https://ae01.alicdn.com/kf/H6723be618c7b4c48ad4ee6c3e94eb581e.png \"重启防火墙\")](https://ae01.alicdn.com/kf/H6723be618c7b4c48ad4ee6c3e94eb581e.png \"重启防火墙\")\r\n\r\n### 查询防火墙状态\r\n\r\n	systemctl status firewalld\r\n\r\n[![查询防火墙状态](https://ae01.alicdn.com/kf/Hcdbad2a84cf74648bb0a629451256833l.png \"查询防火墙状态\")](https://ae01.alicdn.com/kf/Hcdbad2a84cf74648bb0a629451256833l.png \"查询防火墙状态\")\r\n\r\n### 开启防火墙\r\n\r\n阿里云默认是没有开启防火墙的，我们需要自己去手动开启\r\n\r\n	systemctl start firewalld\r\n\r\n执行完没有任何提示就代表开启成功\r\n\r\n### 停止防火墙\r\n\r\n	systemctl stop firewalld.service\r\n\r\n执行完没有任何提示就代表开启成功\r\n\r\n### 禁止防火墙开机启动\r\n\r\n	systemctl disable firewalld.service\r\n\r\n\r\n## 文件相关\r\n\r\n## 下载相关\r\n\r\n',0,1,NULL,'post','private',NULL,0,'1','1','1',0,1),(42,'免费申请Office365 E5 开发者订阅3个月并附无限续期教程','42',1581578400,1581578536,'<!--markdown-->## 说明\r\n\r\n以前的Office 365开发者试用订阅（简称`E3`）有效期只有一年，一年过后数据都没了。\r\n\r\n**现在微软推出的新版订阅有效时间位90天，可自动进行订阅**\r\n\r\n官方教程(手动复制打开)：https://docs.microsoft.com/en-us/office/developer-program/office-365-developer-program\r\n\r\n## 申请教程\r\n\r\n### 加入Office 365开发人员计划\r\n\r\nhttps://developer.microsoft.com/en-us/office/dev-program\r\n\r\n![img](https://ae01.alicdn.com/kf/Hfb4820f5c0804c808f4ea13a45724307W.jpg)\r\n\r\n### 右上角Microsoft帐户或启用Azure Active Directory的电子邮件登录\r\n\r\n[![02](https://ae01.alicdn.com/kf/Hc39fb096fdd040b28f6a7c4bffb7a466p.jpg \"02\")](https://ae01.alicdn.com/kf/Hc39fb096fdd040b28f6a7c4bffb7a466p.jpg \"02\")\r\n\r\n[![03](https://ae01.alicdn.com/kf/H56ff1987039d45f5b0c88e0b8b967fcao.jpg \"03\")](https://ae01.alicdn.com/kf/H56ff1987039d45f5b0c88e0b8b967fcao.jpg \"03\")\r\n\r\n\r\n### 登录后填写国家和地区\r\n\r\n\r\n[![4](https://ae01.alicdn.com/kf/Hf4375c6fa57f4b5489b394096e0d80e2P.jpg \"4\")](https://ae01.alicdn.com/kf/Hf4375c6fa57f4b5489b394096e0d80e2P.jpg \"4\")\r\n\r\n\r\n\r\n\r\n### 填写基本信息\r\n\r\n[![](https://ae01.alicdn.com/kf/H6f067c5383f246c1ae347841a584e5fbM.jpg)](https://ae01.alicdn.com/kf/H6f067c5383f246c1ae347841a584e5fbM.jpg)\r\n\r\n\r\n\r\n\r\n### 创建订阅\r\n\r\n需要注意的是，这里选择的国家很重要，关系到你的onedrive数据等存储位置。比如我选择US，那么我的数据就是放在美国的微软数据中心。\r\n\r\n下面张图中的“域名”弄错了，因该是 “`域`”,可随意填写\r\n\r\n\r\n\r\n[![](https://ae01.alicdn.com/kf/H49ab57c4f80f4d6988c57075fb6c5c22K.jpg)](https://ae01.alicdn.com/kf/H49ab57c4f80f4d6988c57075fb6c5c22K.jpg)\r\n\r\n\r\n\r\n\r\n### 填写手机号进行验证\r\n\r\n[![](https://ae01.alicdn.com/kf/Hac9dc1688854481c8f09bc3f01956ba2n.jpg)](https://ae01.alicdn.com/kf/Hac9dc1688854481c8f09bc3f01956ba2n.jpg)\r\n\r\n这样就注册好了，接下来需要对自己的账号添加许可证，不然用不了的。\r\n\r\n[![](https://ae01.alicdn.com/kf/Hdb37b1c38f4a4ca3bd456ab9e41c710dk.jpg)](https://ae01.alicdn.com/kf/Hdb37b1c38f4a4ca3bd456ab9e41c710dk.jpg)\r\n\r\n### 添加许可证\r\n\r\n点击上图的 `Go to subscription` ，进入后台\r\n\r\n`管理` – > `用户` -> `活跃用户` -> `点击用户名` -> `许可证和用户` ,添加好后点击`应用`就可以了\r\n\r\n\r\n\r\n### 自动订阅 (保活)\r\n\r\n待完善……\r\n\r\n目前仅仅使用onedrive api就能保活(前提是必须要自己创建的api key)，所以使用oneindex程序就可以了。但实际上还是需要outlook api，等失效了再补上。',0,1,NULL,'post','private',NULL,0,'1','1','1',0,2),(43,'TCShare 一款使用API开源的天翼云目录程序','43',1581661560,1582276657,'<!--markdown-->## 说明\r\n\r\n使用传统模拟登录做出来的天翼网盘程序有挺多的，但是使用这种程序一旦文件被大量下载，那么账号很可能面对着被封号或者限速的分享，而使用官方提供的API那么就可完美解决这个风险。\r\n\r\n## 安装教程\r\n\r\n本篇教程是在`CentOS7.6`的版本上使用`宝塔`进行安装的\r\n\r\n项目名为`TCShare`，作者：`xytoki`，仓库地址:[Github](https://github.com/xytoki/TCShare/tree/master \"Github\")\r\n\r\n### 下载项目\r\n\r\n第一步，先把项目下载下来，部署到服务器上，如果是宝塔需要注意的是删除禁用函数`putenv`。没有禁用这个函数在执行第四步的时候会使用`composer`安装依赖的时候会出现以下报错。\r\n\r\n[![报错示例](https://ae01.alicdn.com/kf/H89130c40ed5d44eaa4cd6f7e8244073fh.png \"报错示例\")](https://ae01.alicdn.com/kf/H89130c40ed5d44eaa4cd6f7e8244073fh.png \"报错示例\")\r\n\r\n### 修改index.php文件\r\n\r\n第二步，把这个文件中所有`http://127.0.0.1`替换成你自己的域名，这里我替换为`http://tc.nekoc.xyz`\r\n\r\n**没有执行这一步的话在获取AccessToken的时候看到的是空页面**\r\n\r\n### 修改伪静态\r\n\r\n第三步，修改伪静态\r\n\r\n我使用的是Nginx，需要修改伪静态\r\n\r\n```\r\ntry_files $uri $uri/ /index.php$is_args$args;\r\n```\r\n\r\n如果是Apache那么则需要修改为\r\n\r\n```\r\nRewriteEngine On\r\nRewriteCond %{REQUEST_FILENAME} !-f\r\nRewriteCond %{REQUEST_FILENAME} !-d\r\nRewriteRule ^(.*)$ index.php [QSA,L]\r\n```\r\n\r\n\r\n\r\n### composer安装依赖\r\n\r\n第四步，`cd` 到网站的根目录，然后执行以下命令。这里以我的网站目录是`tc.nekoc.xyz`为例。\r\n\r\n```\r\ncd /www/wwwroot/tc.nekoc.xyz\r\ncomposer install\r\n```\r\n\r\n[![安装依赖](https://ae01.alicdn.com/kf/H12eb44215330413ea523462a2df81c10A.png \"安装依赖\")](https://ae01.alicdn.com/kf/H12eb44215330413ea523462a2df81c10A.png \"安装依赖\")\r\n\r\n当你完成到这里，恭喜你已经成功了一大半了。\r\n\r\n## 配置\r\n\r\n\r\n\r\n[![配置图片](https://ae01.alicdn.com/kf/H951ff006f2f0427198c80f16db770be5W.png \"配置图片\")](https://ae01.alicdn.com/kf/H951ff006f2f0427198c80f16db770be5W.png \"配置图片\")\r\n\r\n很多人都不知道怎么获取官方的`app key`和`secret`，这里给个提示，在**github**上可以通过搜索`cloud.189.cn`这个**关键词**获得这两个参数。\r\n\r\n\r\n\r\n配置文件是`config.php`，我们一共需要配置4个参数，但是第一次安装的时候只需要配置这前三个参数\r\n\r\n`FD`：应用目录，在需要在你网盘中`我的应用`文件夹里边创建一个同名的FD目录\r\n\r\n`AK`：app key应用密钥，从官方获取\r\n\r\n`SK`：Secret Key安全密钥，从官方获取\r\n\r\n`AccessToken`：授权令牌，初次访问主页的时候可以通过点主页的超链接获取\r\n\r\n配置完成后访问主页，以`tc.nekoc.xyz`为例，会提示获取token，点击进去就能获取到第四个参数`AccessToken`\r\n\r\n[![获取token](https://ae01.alicdn.com/kf/H656c7b7df73847eeb843d9001b2aa295m.png \"获取token\")](https://ae01.alicdn.com/kf/H656c7b7df73847eeb843d9001b2aa295m.png \"获取token\")\r\n\r\n\r\n然后点击`授权`\r\n\r\n[![授权](https://ae01.alicdn.com/kf/H17697c9499f24d45b952138afd73841bz.png \"授权\")](https://ae01.alicdn.com/kf/H17697c9499f24d45b952138afd73841bz.png \"授权\")\r\n\r\n\r\n\r\n\r\n\r\n\r\n把获取到的`AccessToken`复制黏贴进`config.php`中的`AccessToken`对应的值，再次访问主页，那么就可以成功获取`/我的应用/FD`目录下的所有文件和文件夹了。\r\n\r\n\r\n## 使用\r\n\r\n恭喜你，完成前面几步之后就已经安装成功了。现在请尽情开始使用把~\r\n\r\n只需要访问你自己的域名就可以成功看到文件了。\r\n\r\n\r\n[![访问主页](https://ae01.alicdn.com/kf/H7d6e97599f094f66a0d86d16c366565cv.png \"访问主页\")](https://ae01.alicdn.com/kf/H7d6e97599f094f66a0d86d16c366565cv.png \"访问主页\")\r\n\r\n## 其他设置\r\n\r\n### 设置共享目录\r\n\r\n只需要修改`config.php`中`APP_PATH`的值即可，举个栗子，我想要让别人访问到`/我的应用/FD/`下的`public`文件夹，那么只需要把`/`修改为`/public`即可。\r\n\r\n\r\n\r\n\r\n\r\n\r\n\r\n\r\n',0,1,NULL,'post','publish',NULL,0,'1','1','1',0,7),(54,'Nodejs入门','54',1582300680,1582320592,'<!--markdown--># Node.js学习\r\n\r\n## 第一个node程序\r\n\r\n```javascript\r\nvar http = require(\"http\");\r\n\r\nhttp.createServer(function (request,response){\r\n\r\n	response.writeHead(200,{\"Content-Type\":\"text/plain\"});\r\n	response.end(\"Hello World!\\n\");\r\n\r\n}).listen(3000);\r\n\r\nconsole.log(\"Server running at http://localhost:3000/\");\r\n\r\n```\r\n\r\n运行截图\r\n\r\n![01](https://ae01.alicdn.com/kf/H345ccdc5ef614363a13b9bbe49fdaf68n.png)\r\n\r\n\r\n\r\n## console对象的一些方法\r\n\r\n### 用于打印控制台信息的方法\r\n\r\n- `console.log(\"hello world\")`\r\n- `console.info()`\r\n- `console.warn()`\r\n- `console.error()`\r\n\r\n### 将一个对象的信息输出到控制台\r\n\r\n`console.dir()`\r\n\r\n```javascript\r\nconst obj ={\r\n	name:\'node.js\',\r\n	get:function(){\r\n		console.log(\'get\');\r\n	},\r\n	set:function(){\r\n		console.log(\"set\");\r\n	}\r\n};\r\n\r\nconsole.dir(obj);\r\n```\r\n\r\n运行截图\r\n\r\n![02](https://ae01.alicdn.com/kf/H27cd583fc07545a1afa202548adf7a11P.png)\r\n\r\n### 用于统计运行时间\r\n\r\n- `console.time()`  开始统计\r\n- `console.timeEnd()` 结束统计\r\n\r\n要求要把同一个对象传入这两个函数的参数中才能统计出运行时间\r\n\r\n```javascript\r\n\r\nconsole.time(\"total time\");\r\n\r\nconsole.time(\"time1\");\r\nfor (var i = 0; i <10000; i++) {\r\n\r\n}\r\nconsole.timeEnd(\"time1\");\r\n\r\nconsole.time(\"time2\");\r\nfor (var i = 0; i <10000; i++) {\r\n\r\n}\r\n\r\nconsole.timeEnd(\"time2\");\r\nconsole.timeEnd(\"total time\");\r\n```\r\n\r\n![03](https://ae01.alicdn.com/kf/H0afc8a986fff4e4b97f7d737187f5f76r.png)\r\n\r\n##  NodeJs中的包管理npm\r\n\r\n\r\n### 查看版本信息\r\n\r\n`npm -v`或者`npm version`\r\n\r\n![04](https://ae01.alicdn.com/kf/H2bbede9058554787a240911ee084dbcej.png)\r\n\r\n### 初始化\r\n\r\n`npm init`\r\n\r\n通过`npm init`命令可以生成一个`package.json`文件。这个文件是整个项目的描述文件。通过这个文件可以清楚的知道项目的包依赖关系、版本、作者等信息。每个NPM包都有自己的`package.json`文件，使用这个命令将需要的项目名、版本号、作者等信息。\r\n\r\n![](https://ae01.alicdn.com/kf/H69375f174ea44f8c953cc70432e3a476E.png)\r\n\r\n\r\n\r\n当然，通过`npm init -y`或者`npm init --yes`可以不用输入描述等等的信息。\r\n\r\n### 安装\r\n\r\n`npm install`\r\n\r\n使用这个命令可以安装包\r\n\r\n例如这里安装`underscore`包\r\n\r\n![06](https://ae01.alicdn.com/kf/H9d2cd3f9e1f04f6ea0ee305a4be8abdbV.png)\r\n\r\n安装完成后可以看到目录下有一个`node_modules`文件夹专门用于存放我们下载下来的第三方包。以及还有一个锁定版本用的`package-lock.json`文件。这个文件就是可以帮我们引入依赖。\r\n\r\n![](https://ae01.alicdn.com/kf/H0514002dbd6e4ca3a665ad721b5257eaM.png)\r\n\r\n一般我们更习惯用`npm install underscore -S`这个命令，这样更加方便我们进行包管理。\r\n\r\n## 模块加载原理与加载方式\r\n\r\n### `require`导入模块\r\n\r\n对于原生模块我们可以用require引入。如http模块。\r\n\r\n```javascript\r\nconst http = require(\"http\");\r\nhttp.createServer{\r\n   // ....\r\n}\r\n```\r\n\r\n### `exports`导出模块\r\n\r\n通过使用`module.exports = utils;`可以导出模块的数据\r\n\r\n### `require`和`exports`的demo\r\n\r\n编写导出需要被导出的模块\r\n\r\n```javascript\r\nconst util ={\r\n\r\n	noRepeat:function(arr){\r\n\r\n		return arr.filter(function(ele,index){\r\n			return arr.indexOf(ele)==index;\r\n		});\r\n	},\r\n	add:function(arr){\r\n		return arr.reduce(function(ele1,ele2){\r\n			return ele1+ele2;\r\n		});\r\n	}\r\n};\r\n\r\nmodule.exports = util;\r\n```\r\n\r\n编写导入模块\r\n\r\n```java\r\nconst arr=[1,2,3,3,2];\r\nlet noRepeat =utils.noRepeat(arr);\r\nlet num = utils.add(arr);\r\nconsole.log(noRepeat);\r\nconsole.log(num);\r\n```\r\n\r\n这里的02_test是和03_test放在同一级目录下的\r\n\r\n运行Demo\r\n\r\n![image-20200221235053827](https://ae01.alicdn.com/kf/H48b3da0bc7cb43d4bd207a78d5c70fe2b.png)\r\n\r\n',0,1,NULL,'post','private',NULL,0,'1','1','1',0,2),(45,'2020 年 02 月 16 日','2020-2-16-13:11:00',1581829860,1581829860,'<!--markdown-->linux学习\n\nhttps://www.52pojie.cn/thread-1106680-1-1.html\n\nfd 思路\n\nhttps://www.52pojie.cn/thread-1106242-1-1.html\n\n好看的wp主题\n\nhttps://2heng.xin/theme-sakura/\n\nhttps://cloud.189.cn/t/Qb2IRreA7fUj (访问码:ny5x)\n\n',0,1,NULL,'post','publish',NULL,0,'0','0','0',0,3),(46,'使用Cloudflare worker进行网站资源加速','46',1581866640,1581866985,'<!--markdown-->## 说明\r\n最近发现自己家的破宽带在使用国际版`OneDrive`的时候竟然能跑满带宽，但是电信的速度过于感人，联通的速度倒是能看，不过也不算太好，于是乎看了看了各种加速资源的思路，发现使用`Cloudflare workers`貌似是最经济实惠的解决方案。\r\n\r\n## 开始\r\n\r\n### 注册账号\r\n\r\n首先需要注册一个[Cloudflare](https://www.cloudflare.com \"Cloudflare\")账号。\r\n\r\n[![](https://ae01.alicdn.com/kf/H871a42e2de0c44a090d3c073bb68c627h.jpg)](https://ae01.alicdn.com/kf/H871a42e2de0c44a090d3c073bb68c627h.jpg)\r\n\r\n填个邮箱密码然后邮接收确认邮件即可完成注册\r\n\r\n[![](https://ae01.alicdn.com/kf/H23635cd17194449e9804a87e9662da2dl.jpg)](https://ae01.alicdn.com/kf/H23635cd17194449e9804a87e9662da2dl.jpg)\r\n\r\n\r\n### Workers-Proxy工人代理\r\n\r\nCloudflare Workers方式，每天每个账号有10万次免费请求，不过不用担心注册那么简单大家想到什么呢？~~（小声说：临时邮箱..）~~\r\n\r\n优点每个账号每天有`10W`次免费请求（浏览网页绝对够用）\r\n不需要自备域名\r\nCDN线路比较新，浏览速度快\r\n\r\n#### 创建 Workers\r\n\r\n点击右侧`workers`，创建一个机器人项目\r\n\r\n[![](https://ae01.alicdn.com/kf/H5980fc99b020459aa0985f35a6aa4dc0a.jpg)](https://ae01.alicdn.com/kf/H5980fc99b020459aa0985f35a6aa4dc0a.jpg)\r\n\r\n\r\n\r\n域名前缀可以根据自己喜好来写，不可以二次修改三思后行～，想好后点击`set up`。\r\n\r\n[![](https://ae01.alicdn.com/kf/Ha346724b735a4344a46caf701bce8e3dU.jpg)](https://ae01.alicdn.com/kf/Ha346724b735a4344a46caf701bce8e3dU.jpg)\r\n\r\n然后选择免费方案\r\n\r\n[![](https://ae01.alicdn.com/kf/H0723c74c2e4f4273b64dd91039ca2422C.jpg)](https://ae01.alicdn.com/kf/H0723c74c2e4f4273b64dd91039ca2422C.jpg)\r\n\r\n\r\n\r\n#### 创建 Worker\r\n\r\n点击 `Create a Worker` 创建一个项目\r\n\r\n\r\n[![](https://ae01.alicdn.com/kf/Hd6b68de73d904055a56c9e5d7479fd627.jpg)](https://ae01.alicdn.com/kf/Hd6b68de73d904055a56c9e5d7479fd627.jpg)\r\n\r\n点击`Quick Edit`\r\n\r\n\r\n[![](https://ae01.alicdn.com/kf/H14701392d3274cf4969a0306460df860A.jpg)](https://ae01.alicdn.com/kf/H14701392d3274cf4969a0306460df860A.jpg)\r\n\r\n点击右上方想名称修改一下域名，如果对域名没要求可以不改，域名前缀最好不要有”_”或”-“否则可能会走TLS 1.3 协议导致部分浏览器无法打开\r\n\r\n然后我们去到开源站复制大佬的脚本\r\n\r\nhttps://github.com/Siujoeng-Lau/Workers-Proxy\r\n\r\nhttps://github.com/Dandelionss/CloudFlare-Workers\r\n\r\n\r\n```javascript\r\n\r\n// List of domains bind to your WorkersProxy. 所有绑定到这个worker的域名\r\nconst domain_list = [\'https://cdn.reverse-proxy.live/\', \'这里需要填写你的项目域名\']\r\n\r\n\r\n\r\n// Website you intended to retrieve for users.要加速的网站.\r\nconst upstream = \'http://google.com\'\r\n\r\n//举个例子，这里我填写OneIndex的地址 http://od.nekoc.xyz\r\n\r\n// Website you intended to retrieve for users using mobile devices.要给手机用户加速的网站. (可以填成和上面一样的)\r\nconst upstream_mobile = \'http://google.com\'\r\n\r\n// Countries and regions where you wish to suspend your service.要屏蔽的地区\r\nconst blocked_region = [ \'KP\', \'SY\', \'PK\', \'CU\']\r\n\r\n// IP addresses which you wish to block from using your service.要屏蔽的ip\r\nconst blocked_ip_address = [\'0.0.0.0\', \'10.0.0.0\']\r\n\r\naddEventListener(\'fetch\', event => {\r\n    event.respondWith(fetchAndApply(event.request));\r\n})\r\n\r\nasync function fetchAndApply(request) {\r\n\r\n    const region = request.headers.get(\'cf-ipcountry\').toUpperCase();\r\n    const ip_address = request.headers.get(\'cf-connecting-ip\');\r\n    const user_agent = request.headers.get(\'user-agent\');\r\n    let response = null;\r\n    let url = request.url;\r\n\r\n    if (await device_status(user_agent)){\r\n        upstream_domain = upstream\r\n    } else {\r\n        upstream_domain = upstream_mobile\r\n    }\r\n\r\n    for(let domain of domain_list) {\r\n        url = url.replace(domain, upstream_domain)\r\n    };\r\n\r\n    if (blocked_region.includes(region)) {\r\n        response = new Response(\'Access denied: WorkersProxy is not available in your region yet.\', {\r\n            status: 403\r\n        });\r\n    } else if(blocked_ip_address.includes(ip_address)){\r\n        response = new Response(\'Access denied: Your IP address is blocked by WorkersProxy.\', {\r\n            status: 403\r\n        });\r\n    } else{\r\n        let method = request.method;\r\n        let headers = request.headers;\r\n        response = fetch(url, {\r\n            method: method,\r\n            headers: headers\r\n        })\r\n    }\r\n    return response;\r\n}\r\n\r\nasync function device_status (userAgentInfo) {\r\n    var Agents = [\"Android\", \"iPhone\", \"SymbianOS\", \"Windows Phone\", \"iPad\", \"iPod\"];\r\n    var flag = true;\r\n    for (var v = 0; v < Agents.length; v++) {\r\n        if (userAgentInfo.indexOf(Agents[v]) > 0) {\r\n            flag = false;\r\n            break;\r\n        }\r\n    }\r\n    return flag;\r\n}\r\n\r\n```\r\n\r\n\r\n```javascript\r\n\r\naddEventListener(\"fetch\", event => {\r\n  let url = new URL(event.request.url);\r\n  url.hostname = \"www.google.com\"; //改成你想反代的网站\r\n\r\n  let request = new Request(url, event.request);\r\n  event.respondWith(\r\n    fetch(request, {\r\n      headers: {\r\n        \'Referer\': \'https://www.cloudflare.com/\', //referer头,不必修改\r\n        \'User-Agent\': \'Mozilla/5.0 (Windows NT 10.0; Win64; x64) AppleWebKit/537.36 (KHTML, like Gecko) Chrome/76.0.3809.100 Safari/537.36\' //\r\n      }\r\n    })\r\n  );\r\n});\r\n\r\n```\r\n\r\n\r\n[![](https://ae01.alicdn.com/kf/Hd5b8578c69764b90ab3217fcb6d0534en.jpg)](https://ae01.alicdn.com/kf/Hd5b8578c69764b90ab3217fcb6d0534en.jpg)\r\n\r\n两个版本代码，第一个功能多一点，第二个功能少一点，任选其一，下面我就拿第一个来做示范，因为第一个速度会快一些而且稳定\r\n\r\n然后我们可以打开这个链接测试下\r\n\r\nhttps://dr.vczdbt26574.workers.dev/ ，目标加速 https://dribbble.com\r\n\r\n当然如果你有自己域名也可以配置上去\r\n\r\n\r\n\r\n\r\n\r\n## 参考链接\r\n\r\nhttps://lemongeek.com/708.html',0,1,NULL,'post','private',NULL,0,'1','1','1',0,2),(48,'用CloudFlare Workers反代Google','48',1581878460,1581879441,'<!--markdown-->## 说明\r\n\r\n这几天一直在研究`CFW`的各种玩法，突然发现还有人写出了反代`Google`的脚本，就放在这里分享一波。\r\n\r\n## Demo\r\n[示例](https://bitter-mountain-8309.skpj1h8qu.workers.dev/ \"示例\")\r\n\r\n## 截图\r\n\r\n[![效果截图](https://i.loli.net/2020/02/17/kEIspyoelATbcJO.png)](https://i.loli.net/2020/02/17/kEIspyoelATbcJO.png)\r\n\r\n## 脚本\r\n```javascript\r\naddEventListener(\'fetch\', event => {\r\n  event.respondWith(proxyRequest(event.request))\r\n\r\n})\r\n\r\n/**\r\n * Respond to the request\r\n * @param {Request} request\r\n */\r\nasync function proxyRequest(request) {\r\n\r\n    var rawUrl, prefix, targetUrl, newUrl;\r\n\r\n    rawUrl = new URL(request.url);\r\n    prefix = rawUrl.protocol+\"//\"+rawUrl.host+\"/\";\r\n\r\n    if (rawUrl.href.startsWith(prefix)) {\r\n\r\n        targetUrl = rawUrl.href.replace(new RegExp(\'^\' + prefix), \'\');\r\n        try{\r\n            if (!targetUrl.startsWith(\'http://\') && !targetUrl.startsWith(\'https://\')) {\r\n                newUrl = new URL(rawUrl.protocol + \'//\' + targetUrl);\r\n            } else {\r\n                newUrl = new URL(targetUrl);\r\n            }\r\n\r\n        }catch(e){\r\n            return new Response(\'Bad Request\', { status: 400, statusText: \'Bad Request\' });\r\n        }\r\n\r\n        if (newUrl && newUrl.host.indexOf(\"wikipedia.org\") == -1){\r\n            targetUrl = (isPC(request.headers.get(\'user-agent\')) ? \"www.google.com/\":\"www.google.com\")\r\n                + targetUrl;\r\n        }\r\n\r\n        if (!targetUrl.startsWith(\'http://\') && !targetUrl.startsWith(\'https://\')) {\r\n            targetUrl = rawUrl.protocol + \'//\' + targetUrl;\r\n        }\r\n\r\n        console.log( targetUrl, newUrl ? newUrl.host : \"0\" );\r\n\r\n        return await fetch(targetUrl);\r\n\r\n    }\r\n\r\n    return new Response(\'Bad Request\', { status: 400, statusText: \'Bad Request\' });\r\n}\r\n\r\nfunction isPC (userAgentInfo) {\r\n    var Agents = [\"Android\", \"iPhone\",\r\n                \"SymbianOS\", \"Windows Phone\",\r\n                \"iPad\", \"iPod\"];\r\n    var flag = true;\r\n    for (var v = 0; v < Agents.length; v++) {\r\n        if (userAgentInfo.indexOf(Agents[v]) > 0) {\r\n            flag = false;\r\n            break;\r\n        }\r\n    }\r\n    return flag;\r\n}\r\n```\r\n## 参考链接\r\n\r\nhttps://www.529i.com/archives/767.html\r\n',0,1,NULL,'post','private',NULL,0,'1','1','1',0,4),(49,'有空才看的链接','49',1581931129,1581931129,'<!--markdown-->\r\n## 闪电云\r\n\r\nhttps://flashcloud.cc\r\n\r\n免费空间\r\n\r\n## 图床汇总\r\n\r\nhttps://www.hostloc.com/forum.php?mod=viewthread&tid=636324\r\n\r\n记录了很多图床\r\n\r\n## API搭建图床\r\n\r\nhttps://github.com/aimerforreimu/AUXPI\r\n\r\n利用大公司的服务搭建图床\r\n\r\n## CFW直链下载加速\r\n\r\nhttps://www.onesrc.cn/p/using-cloudflare-to-write-a-download-assistant.html\r\n\r\n## Nginx反代Oneindex\r\n\r\nhttps://zvv.me/amp/1802.html\r\n\r\n\r\n',0,1,NULL,'post','publish',NULL,0,'1','1','1',0,2),(50,'50 个还可以用的免费云盘汇总','50',1581939060,1582211901,'<!--markdown-->## 说明\r\n\r\n之前好多云盘都关闭了，现在整理一下经过这几年市场洗礼后之后，\r\n\r\n目前这些云盘还可以正常使用\r\n\r\n## 网盘列表\r\n### 1.Google Drive\r\n\r\n官方网站：https://www.google.com/drive/\r\n免费空间：15G\r\n网盘介绍：谷歌出品，必属精品。\r\n\r\n### 2.Onedrive\r\n\r\n官方网站：https://onedrive.live.com/\r\n免费空间：5G，有教育邮箱可以变成5T\r\n网盘介绍：微软出品，必属精品，在中国大陆网页版没有办法轻松访问，但是\r\n\r\n### 3.百度网盘\r\n\r\n官方网站：https://pan.baidu.com/\r\n免费空间：5G， 之前是 1T ，绑定银行卡 2T，2020 开始登陆 app 之后只能扩容到 305G ！\r\n网盘介绍：百度出品，免费会员下载限速严重，上传没有影响\r\n\r\n### 4.和彩云\r\n\r\n官方网站：https://caiyun.feixin.10086.cn/\r\n免费空间：16G，可以花钱扩容\r\n网盘介绍：中国移动出品，没有限速\r\n\r\n### 5.城通网盘\r\n\r\n官方网盘：https://www.禁止使用网挣网盘/\r\n免费空间：400G，但是免费会员的保存期限只有30天，如果有人下载1次可以增加保存期限\r\n网盘介绍：城通网盘可以让用户通过下载文件赚钱，也就是有人通过你分享的文件后可以获得收益\r\n\r\n### 6.文叔叔\r\n\r\n官方网站：https://www.wenshushu.cn/\r\n免费空间：20G（注册用户）\r\n网盘介绍：文叔叔是当年的360团队打造的，不限速，可以不注册传文件\r\n\r\n### 7.mediafire\r\n\r\n官方网站：https://www.mediafire.com/\r\n免费空间：5G（注册用户）\r\n网盘介绍：mediafire倒是不限速，只是空间较小，不限制分享\r\n\r\n### 8.蓝奏云\r\n\r\n官方网站：https://www.lanzou.com/\r\n免费空间：无限制\r\n网盘介绍：不限空间大小，不限下载速度，只是限制文件大小，最大不超过100M/个文件\r\n\r\n### 9.IDrive\r\n\r\n官方网站：https://www.idrive.com/\r\n免费空间：5G\r\n网盘介绍：同步网盘，也可当作普通网盘，不限速，但是在中国大陆地区无法通过正常方法访问\r\n\r\n### 10.Backblaze\r\n\r\n官方网站：https://www.backblaze.com/\r\n免费空间：10G\r\n网盘介绍：网盘，加密服务做得好，无下载限制，可分享\r\n\r\n### 11.坚果云\r\n\r\n官方网站：https://www.jianguoyun.com\r\n免费空间：限制上传1G，限制下载3G\r\n网盘介绍：同步盘，空间较小，一年都用满的话才有12G\r\n\r\n### 12.华硕云盘\r\n\r\n官方网站：https://www.asuswebstorage.com/\r\n免费空间：5G\r\n网盘介绍：同步盘，可以当普通网盘使用，空间较小，下载速度不是很快\r\n\r\n### 13.天翼云13.天翼云\r\n\r\n官方网站：https://cloud.189.cn/\r\n免费空间：15G\r\n网盘介绍：中国电信出品，无限速\r\n\r\n### 14.UC网盘\r\n\r\n官方网站：UC浏览器独家拥有\r\n免费空间：据说是1T\r\n网盘介绍：没有限速，可以通过支付宝芝麻积分兑换空间大小\r\n\r\n### 15.超星云盘\r\n\r\n官方网站：https://mooc1.chaoxing.com/yunpan\r\n免费空间：150G\r\n网盘介绍：需下载客户端，无限速\r\n\r\n### 16.沃家云盘\r\n\r\n官方网站：http://www.wocloud.com.cn/\r\n免费空间：500G\r\n网盘介绍：中国联通出品，无限速，分享有7天有效期\r\n\r\n### 17.Mega\r\n\r\n官方网站：https://mega.nz/\r\n免费空间：50G\r\n网盘介绍：不限速，但是在中国大陆地区已经无法访问\r\n\r\n### 18.pCloud\r\n\r\n官方网站：https://www.pcloud.com/\r\n免费空间：10G\r\n网盘介绍：虽说不限速，只是速度稍微有些慢，而且在中国大陆地区已经无法访问\r\n\r\n### 19.yandex.disk\r\n\r\n官方网站：https://disk.yandex.com/\r\n免费空间：10G\r\n网盘介绍：不限速，但是在中国大陆地区已经无法访问\r\n\r\n### 20.115网盘\r\n\r\n官方网站：https://115.com/\r\n免费空间：150G，可通过空间卡增大，空间卡随机拥有\r\n网盘介绍：好用，下载速度慢，没办法在线看影片了\r\n\r\n### 21.90盘\r\n\r\n官方网站：https://www.90pan.com/\r\n免费空间：无限空间，单个文件限制150M\r\n网盘介绍：不限速，速度很快，可以网赚\r\n\r\n### 22.飞猫云\r\n\r\n官方网站：https://www.feimaoyun.com/\r\n免费空间：400G\r\n网盘介绍：不限速，速度很快，可以网赚\r\n\r\n### 23.Userscloud\r\n\r\n官方网站：https://userscloud.com/\r\n免费空间：无限空间\r\n网盘介绍：不限速，但是在中国大陆地区已经无法访问\r\n24.中国科技云\r\n\r\n官方网站：https://passport.escience.cn/login\r\n免费空间：40G\r\n网盘介绍：不限速，不可分享\r\n\r\n### 25.degoo\r\n\r\n官方网站：https://degoo.com/\r\n免费空间：100G\r\n网盘介绍：后续可通过看广告或者分享好友增加容量，不限速，可访问\r\n\r\n### 26.Dropbox\r\n\r\n官方网站：https://www.dropbox.com/\r\n免费空间：5G\r\n网盘介绍：国际知名品牌，可惜中国大陆地区已经无法访问\r\n\r\n### 27.Box\r\n\r\n官方网站：https://www.box.com/\r\n免费空间：10G\r\n网盘介绍：也是国际知名品牌，单文件上传限制250M，可惜中国大陆地区已经无法访问\r\n\r\n### 28.TelaCloud\r\n\r\n官方网站：https://teracloud.jp/\r\n免费空间：10G\r\n网盘介绍：日本出品，无上传下载限制，如果超出90天没有登录过，你号没了\r\n\r\n### 29.3Adisk\r\n\r\n官方网站：http://www.3adisk.com/\r\n免费空间：500M\r\n网盘介绍：下载速度100k，单个文件大小50M，每日下载量500M\r\n\r\n### 30.永硕E盘\r\n\r\n官方网站：http://ys168.com/\r\n免费空间：1000M\r\n网盘介绍：速度尚可，老品牌\r\n\r\n### 31.微云\r\n\r\n官方网站：https://www.weiyun.com/\r\n免费空间：10G\r\n网盘介绍：不限速，速度快\r\n\r\n### 32.中国教育网盘\r\n\r\n官方网站：http://www.edudisk.cn/\r\n网盘介绍：不限速，速度快\r\n\r\n### 33.Allsync\r\n\r\n官方网站：https://allsync.com/pro\r\n免费空间：50G\r\n网盘介绍：荷兰的一家运营商，不限速，速度尚可\r\n\r\n### 34.微盘\r\n\r\n官方网站：https://vdisk.weibo.com/\r\n免费空间：2G\r\n网盘介绍：新浪出品的一个网盘服务，可以签到获得流量，不知目前还有没有\r\n\r\n### 35.Stack\r\n\r\n官方网站：https://www.transip.nl/stack/\r\n网盘介绍：荷兰的一个网盘服务，目前只接受荷兰IP注册\r\n\r\n### 36.Naver网盘\r\n\r\n官方网站：https://cloud.naver.com/\r\n免费空间：30G\r\n网盘介绍：韩国的一个网盘服务，使用需要注册Naver账号，不限速，速度可以\r\n\r\n### 37.163网盘\r\n\r\n官方网站：https://mail.163.com/\r\n免费空间：7G\r\n网盘介绍：配合163邮箱使用的内置网盘，可以分享文件，但是下载有次数限制\r\n\r\n### 38.360云盘\r\n\r\n官方网站：https://yunpan.360.cn/\r\n网盘介绍：360云盘又回来了，但是是收费了\r\n\r\n### 39.比特球云盘\r\n\r\n官方网站：https://pan.bitqiu.com/\r\n免费空间：100G\r\n网盘介绍：原来的盛天云盘，容量大，速度快\r\n\r\n### 40.曲奇云盘\r\n\r\n官方网站：https://www.quqi.com/\r\n免费空间：2T\r\n网盘介绍：不限速，但是有容量限制，下载速度快\r\n\r\n### 41.亿方云\r\n\r\n官方网站：https://www.fangcloud.com/\r\n免费空间：50G\r\n网盘介绍：企业级网盘，不限速，但是有容量限制，下载速度快，有分享限制\r\n\r\n### 42.亚马逊云盘\r\n\r\n官方网站：https://www.goodcloudstorage.net/go/amazoncloud\r\n免费空间：5G\r\n网盘介绍：大名鼎鼎的亚马逊出品的云盘，不限速\r\n\r\n### 43.icloud\r\n\r\n官方网站：https://www.icloud.com/\r\n免费空间：5G\r\n网盘介绍：大名鼎鼎的苹果出品的云盘，没有iphone也能注册使用\r\n\r\n### 44.jumpshare\r\n\r\n官方网站：https://jumpshare.com/\r\n免费空间：2G\r\n网盘介绍：巴基斯坦一家云盘服务商，速度较慢\r\n\r\n### 45.upthere\r\n\r\n官方网站：https://upthere.com/\r\n免费空间：20G\r\n网盘介绍：美国一家云盘服务商，访问速度也比较慢\r\n\r\n### 46.Blomp\r\n\r\n官方网站：https://www.blomp.com/\r\n免费空间：200G\r\n网盘介绍：美国一家云盘服务商，访问速度也比较慢\r\n\r\n### 47.trainbt\r\n\r\n官方网站：https://trainbit.com/\r\n免费空间：5T\r\n网盘介绍：美国一家云盘服务商，速度也不错、\r\n### 48.bitrix24\r\n\r\n官方网站：https://www.bitrix24.com/\r\n免费空间：5G\r\n网盘介绍：美国一家云盘服务商，速度尚可\r\n\r\n### 49.Zoho\r\n\r\n官方网站：https://www.zoho.com/\r\n免费空间：5G\r\n网盘介绍：印度一家云盘服务商，速度不错\r\n\r\n### 50.Hidrive\r\n\r\n官方网站：https://www.free-hidrive.com/\r\n免费空间：5G\r\n网盘介绍：德国一家云盘服务商，速度不错\r\n\r\n## 原链接\r\n\r\nhttps://www.hostloc.com/thread-645510-1-1.html',0,1,NULL,'post','publish',NULL,0,'1','1','1',0,6),(55,'Nodejs核心模块','55',1582320180,1582946594,'<!--markdown-->## http模块\r\n\r\n### 向客户端写回数据\r\n\r\n用于服务端的介绍\r\n\r\n用于创建`http`服务\r\n\r\n```javascript\r\nconst http = require(\"http\");\r\n\r\nconst server = http.createServer(function(req,res){\r\n\r\n	res.writeHead(200,{\r\n		\'content-type\':\'text/plain\'\r\n	});\r\n	res.end(\"hello,node.js!\");\r\n});\r\n\r\nserver.listen(3000,function(){\r\n	console.log(\"服务器启动在3000端口\");\r\n})\r\n```\r\n\r\n\r\n\r\n运行Demo\r\n\r\n\r\n\r\n![image-20200222000749837](https://ae01.alicdn.com/kf/Hdaacf515b2354acf894405154c687ce2G.png)\r\n\r\n![image-20200222000705969](https://ae01.alicdn.com/kf/H268e83a5941a41cab8b7db5a84ffe57f2.png)\r\n\r\n\r\n\r\n`http.createServer()`方法返回的是`http`模块封装的一个基于事件的http服务器。同样，`http.request`是其封装的一个`http`客户端工具，可以用来向`http`服务器发起请求。上面的`req`和`res`分别是`http.IncomingMessage`和`http.ServerResponse`的实例。\r\n\r\n### http.Server的事件\r\n\r\n`http.Server`的事件主要有：\r\n\r\n- `request`：最常用的事件，当客户端请求到来时，该事件被触发，提供req和res两个参数，表示请求和响应信息。\r\n- `connection`：当TCP连接建立时，该事件被触发，提供一个socket参数，是net.Socket的实例。\r\n- `close`：当服务器关闭时，触发事件(**注意不是在用户断开连接时**)\r\n\r\n`http.createServer()`方法其实就是添加了一个`request`事件监听，利用下面代码同样可以实现上面那个Demo的效果。\r\n\r\n```javascript\r\nconst http = require(\"http\");\r\n\r\nconst server = new http.Server();\r\n\r\nserver.on(\"request\",function(req,res){\r\n	res.writeHead(200,{\r\n		\'content-type\':\'text/plain\'\r\n	});\r\n	res.end(\"hello,node.js!  Demo2\");\r\n});\r\n\r\nserver.listen(3000,function(){\r\n	console.log(\"服务器启动在3000端口 Demo2\");\r\n})\r\n```\r\n\r\n\r\n\r\n截图\r\n\r\n![image-20200222001814967](https://ae01.alicdn.com/kf/Hb84f3ef052a44d09997803c7a99a8dd6L.png)\r\n\r\n### http.IncomingMessage\r\n\r\n一些常用的事件\r\n\r\n- `data`：当请求体数据到来时该事件被触发。该事件提供一个chunk参数，表示接收的数据。\r\n- `end`：当请求体传输数据完毕时该事件被触发，此后不会再有数据\r\n- `close`：用户当前请求结束时，该事件被触发。\r\n\r\n一些主要属性\r\n\r\n- `method`：HTTP请求的方法。如Get.\r\n- `headers`：HTTP请求头。\r\n- `url`：请求路径。\r\n- `httpVersion`：HTTP协议的版本。\r\n\r\n将上面的知识融入到上面的Demo中\r\n\r\n\r\n\r\n```javascript\r\nconst http = require(\"http\");\r\n\r\nconst server = http.createServer(function(req,res){\r\n\r\n	let data =\'\'; //用于接收请求过来的数据 一般用于POST请求\r\n	req.on(\'data\',function(chunk){ //当有数据传过来的时候会触发这个事件\r\n			data +=chunk;\r\n	});\r\n\r\n	req.on(\"end\",function(){ //当请求结束的时候会触发这个事件\r\n\r\n		let method = req.method; //获取请求的方法\r\n		let url = req.url; //获取请求的url\r\n		let headers = JSON.stringify(req.headers); //把请求头序列化成字符串\r\n		let httpVersion = req.httpVersion; //获取请求的http协议版本\r\n		//开始构造返回头\r\n		res.writeHead(200,{\r\n		\'content-type\':\'text/html\'\r\n		});\r\n		//构造返回的数据\r\n		let dataHtml = \'<p>data:\'+data+\'</p>\';\r\n		let methodHtml = \'<p>method:\'+method+\'</p>\';\r\n		let urlHtml = \'<p>url:\'+url+\'</p>\';\r\n\r\n		let headersHtml = \'<p>headers:\'+headers+\'</p>\';\r\n		let httpVersionHtml = \'<p>httpVersion:\'+httpVersion+\'</p>\';\r\n\r\n		let resHtml = dataHtml+methodHtml+urlHtml+headersHtml+httpVersionHtml;\r\n\r\n\r\n		//返回数据\r\n		res.end(resHtml);\r\n	});\r\n\r\n	\r\n});\r\n\r\nserver.listen(3000,function(){\r\n	console.log(\"服务器启动在3000端口 Demo3\");\r\n});\r\n```\r\n\r\n运行截图\r\n\r\n![image-20200222004107166](https://ae01.alicdn.com/kf/Hdba5a1d9ae1a40b6b992dac00304f2e9G.png)\r\n\r\n### http.ServerResponse\r\n\r\n`http.ServerResponse`是返回给客户端的信息，常用的方法为\r\n\r\n- `res.writeHead(statusCode,[headers])`：向请求的客户端发送响应头\r\n- `res.write(data,[encoding])`：向请求发送内容。\r\n- `res.end([data],[encoding])`：结束请求\r\n\r\n### 向服务端请求数据\r\n\r\n用于客户端的介绍\r\n\r\n- `http.request(option[,callback])`：`option`为`json`对象，主要的字段有`host`、`port`(默认为80)、`method`(默认为`GET`)、`path`(请求的相对于根的路径，默认是“`/`”)、`headers`等。\r\n\r\n- `http.get(option[,callback])`：http.request()使用HTTP请求方式GET的简便写法。\r\n\r\n\r\n\r\n`http.request`的Demo\r\n\r\n```javascript\r\n/**\r\n \r\n 向HTTP服务器发送请求\r\n */\r\n\r\n\r\nconst http = require(\"http\");\r\nlet reqData = \'\';\r\nhttp.request({\r\n	\'host\':\'127.0.0.1\',\r\n	\'port\':\'3000\',\r\n	\'method\':\'get\',\r\n},function(res){\r\n\r\n	res.on(\'data\',function(chunk){\r\n		reqData +=chunk;\r\n	});\r\n\r\n	res.on(\'end\',function(){\r\n		console.log(reqData);\r\n\r\n	});\r\n}).end();\r\n```\r\n\r\n\r\n\r\n运行截图\r\n\r\n![image-20200222042357415](https://ae01.alicdn.com/kf/H0cf45cda4b22413fb0426107dc1712d8R.png)\r\n\r\n`http.get`的Demo\r\n\r\n```javascript\r\nconst http = require(\"http\");\r\nlet reqData = \'\';\r\nhttp.get({\r\n	\'host\':\'127.0.0.1\',\r\n	\'port\':\'3000\',\r\n	\r\n},function(res){\r\n\r\n	res.on(\'data\',function(chunk){\r\n		reqData +=chunk;\r\n	});\r\n\r\n	res.on(\'end\',function(){\r\n		console.log(\"这是http.get\\n\");\r\n		console.log(reqData);\r\n\r\n	});\r\n}).end();\r\n```\r\n\r\n\r\n\r\n运行截图\r\n\r\n![image-20200222042935977](https://ae01.alicdn.com/kf/H1fad16c5d210468690b300ef116d37dfg.png)\r\n\r\n### http.ClientRequest()\r\n\r\n以上的这两个方法返回的都是同一个实例`http.ClientRequest()`\r\n\r\n`http.ClientRequest()`的主要事件\r\n\r\n- `response`：当接收到响应时触发。\r\n- `request.write(chunk [,encoding]  [,callback])`：发送请求数据。\r\n- `res.end(data [,encoding]  [,callback])`：发送请求完毕，应该始终指定这个方法。\r\n\r\n改写上述代码\r\n\r\n```javascript\r\nconst http = require(\"http\");\r\nlet reqData = \'\';\r\nlet option = {\r\n\r\n	\'host\':\'127.0.0.1\',\r\n	\'port\':\'3000\'\r\n}\r\nconst req = http.request(option);\r\n\r\nreq.on(\"response\",function(res){\r\n	console.log(\"进入了response\\n\");\r\n\r\n	res.on(\"data\",function(chunk){\r\n	console.log(\"进入了data\\n\");\r\n\r\n		reqData+=chunk;\r\n	});\r\n	res.on(\"end\",function(){\r\n	console.log(\"进入了end\\n\");\r\n\r\n		console.log(reqData);\r\n	});\r\n\r\n});\r\n\r\n\r\nreq.end();//这一行很关键，缺少这一行代表请求尚未结束！！！！\r\n```\r\n\r\n**这里有一个深坑，当执行完请求req的时候一定要调用他的end方法，如果没调用这个方法那么Node就会默认为我们的请求尚未完成！！！！**\r\n\r\n## url模块\r\n\r\n`url`模块是一个分析、解析url的模块。主要提供以下三种方法\r\n\r\n- `url.parse(urlStr[,parseQueryString] [,slashesDenoteHost]])`：解析一个url地址，返回一个url对象\r\n- `url.format(urlObj)`：接受一个url对象为参数，返回一个完整的url地址。\r\n- `url.resolve(from,to)`：接受一个base url对象和一个href url对象，像浏览器那样解析，返回一个完整地址。\r\n\r\n```javascript\r\n/*\r\nurl模块\r\n */\r\n\r\n\r\nconst url = require(\'url\');\r\n\r\nlet parseUrl = \'https://www.baidu.com/s?wd=nodejs&rsv_spt=1&rsv_iqid=0x9ec62909003c6194&issp=1&f=8&rsv_bp=1&rsv_idx=2&ie=utf-8&rqlang=&tn=baiduhome_pg&ch=&rsv_enter=1&rsv_dl=ib&inputT=1265\';\r\n\r\nlet urlObj = url.parse(parseUrl);\r\n\r\nconsole.log(urlObj);\r\n```\r\n\r\n\r\n\r\n\r\n\r\n运行截图\r\n\r\n![image-20200222050405337](https://ae01.alicdn.com/kf/H47b32d8a30eb43b3b4f6f1572c1443b4e.png)\r\n\r\n利用`url.format()`方法返回上述完整地址的代码如下\r\n\r\n```javascript\r\nconst url = require(\'url\');\r\n/*\r\nlet parseUrl = \'https://www.baidu.com/s?wd=nodejs&rsv_spt=1&rsv_iqid=0x9ec62909003c6194&issp=1&f=8&rsv_bp=1&rsv_idx=2&ie=utf-8&rqlang=&tn=baiduhome_pg&ch=&rsv_enter=1&rsv_dl=ib&inputT=1265\';\r\n\r\nlet urlObj = url.parse(parseUrl);\r\n\r\nconsole.log(urlObj);\r\n*/\r\n\r\n\r\nconst urlObj ={\r\n  protocol: \'https:\',\r\n  slashes: true,\r\n  auth: null,\r\n  host: \'www.baidu.com\',\r\n  port: null,\r\n  hostname: \'www.baidu.com\',\r\n  hash: null,\r\n  search: \'?wd=nodejs&rsv_spt=1&rsv_iqid=0x9ec62909003c6194&issp=1&f=8&rsv_bp=1&rsv_idx=2&ie=utf-8&rqlang=&tn=baiduhome_pg&ch=&rsv_enter=1&rsv_dl=ib&inputT=1265\',\r\n  query: \'wd=nodejs&rsv_spt=1&rsv_iqid=0x9ec62909003c6194&issp=1&f=8&rsv_bp=1&rsv_idx=2&ie=utf-8&rqlang=&tn=baiduhome_pg&ch=&rsv_enter=1&rsv_dl=ib&inputT=1265\',\r\n  pathname: \'/s\',\r\n  path: \'/s?wd=nodejs&rsv_spt=1&rsv_iqid=0x9ec62909003c6194&issp=1&f=8&rsv_bp=1&rsv_idx=2&ie=utf-8&rqlang=&tn=baiduhome_pg&ch=&rsv_enter=1&rsv_dl=ib&inputT=1265\',\r\n  href: \'https://www.baidu.com/s?wd=nodejs&rsv_spt=1&rsv_iqid=0x9ec62909003c6194&issp=1&f=8&rsv_bp=1&rsv_idx=2&ie=utf-8&rqlang=&tn=baiduhome_pg&ch=&rsv_enter=1&rsv_dl=ib&inputT=1265\'\r\n}\r\n\r\nconst urlAddress = url.format(urlObj);\r\n\r\nconsole.log(urlAddress);\r\n```\r\n\r\n\r\n\r\n运行截图\r\n\r\n![image-20200222050659648](https://ae01.alicdn.com/kf/H1720102281824a17984e9fe070abf5a8S.png)\r\n\r\n`resolve`的使用方法如下\r\n\r\n```javascript\r\nconst urlAddress = url.resolve(\"https://www.baidu.com\",\'/image\');\r\nconsole.log(urlAddress);\r\n```\r\n\r\n![image-20200222050856087](https://ae01.alicdn.com/kf/H214c75ff25b94574907cf1947627a0fb5.png)\r\n\r\n## querystring模块\r\n\r\n这个模块用于查询字符串处理。这个模块的主要方法有\r\n\r\n- `querystring.parse()`：将查询字符串反序列化为一个对象，类似JSON.parse()\r\n- `querystring.stringify()`：将一个对象序列化为一个字符串，类似JSON.stringify()\r\n\r\n下面演示两个Demo\r\n\r\n```javascript\r\n/*\r\nquerystring模块\r\n\r\n */\r\n\r\nconst qs = require(\'querystring\');\r\n\r\nlet str = \'keyword=node.js&name=zhangsan\'\r\nconst qsObj =qs.parse(str);\r\nconst qsStr = qs.stringify(qsObj);\r\nconsole.log(qsObj);\r\nconsole.log(qsStr);\r\n```\r\n\r\n\r\n\r\n![image-20200222051446709](https://ae01.alicdn.com/kf/H582147d99bd740a0987f8b7e321a0fd80.png)',0,1,NULL,'post','private',NULL,0,'1','1','1',0,2),(53,'魔改5.2主题教程 ','53',1582213440,1582213738,'<!--markdown-->## 说明\r\n\r\n很喜欢handsome这款主题，但是在5.2pro版本中不能自定义配色方案，于是这里记载魔改5.2pro的教程\r\n\r\n## css样式\r\n\r\n\r\n\r\n```css\r\nhtml.bg {\r\n        background: #EFEFEF\r\n        }\r\n        .cool-transparent .off-screen+* .app-content-body {\r\n        background: #EFEFEF\r\n        }\r\n@media (max-width:767px){\r\n    html.bg {\r\n        background: #EFEFEF\r\n        }\r\n        .cool-transparent .off-screen+* .app-content-body {\r\n        background: #EFEFEF\r\n        }\r\n}\r\n html.bg {\r\n                   background-image:\r\n               -moz-radial-gradient(-20% 140%, ellipse ,  rgba(143,192,193,.6) 30%,rgba(255,255,227,0) 50%),\r\n               -moz-radial-gradient(60% 40%,ellipse,   #d9e3e5 10%,rgba(44,70,76,.0) 60%),\r\n               -moz-linear-gradient(-45deg,  rgba(143,181,158,.8) -10%,rgba(213,232,211,.8) 80% )\r\n           ;\r\n           background-image:\r\n               -o-radial-gradient(-20% 140%, ellipse ,  rgba(143,192,193,.6) 30%,rgba(255,255,227,0) 50%),\r\n               -o-radial-gradient(60% 40%,ellipse,   #d9e3e5 10%,rgba(44,70,76,.0) 60%),\r\n               -o-linear-gradient(-45deg,  rgba(143,181,158,.8) -10%,rgba(213,232,211,.8) 80% )\r\n           ;\r\n           background-image:\r\n               -ms-radial-gradient(-20% 140%, ellipse ,  rgba(143,192,193,.6) 30%,rgba(255,255,227,0) 50%),\r\n               -ms-radial-gradient(60% 40%,ellipse,   #d9e3e5 10%,rgba(44,70,76,.0) 60%),\r\n               -ms-linear-gradient(-45deg,  rgba(143,181,158,.8) -10%,rgba(213,232,211,.8) 80% )\r\n           ;\r\n           background-image:\r\n               -webkit-radial-gradient(-20% 140%, ellipse ,  rgba(143,192,193,.6) 30%,rgba(255,255,227,0) 50%),\r\n               -webkit-radial-gradient(60% 40%,ellipse,   #d9e3e5 10%,rgba(44,70,76,.0) 60%),\r\n               -webkit-linear-gradient(-45deg,  rgba(143,181,158,.8) -10%,rgba(213,232,211,.8) 80% )\r\n               ;\r\n        }\r\n        .cool-transparent .off-screen+* .app-content-body {\r\n                   background-image:\r\n               -moz-radial-gradient(-20% 140%, ellipse ,  rgba(143,192,193,.6) 30%,rgba(255,255,227,0) 50%),\r\n               -moz-radial-gradient(60% 40%,ellipse,   #d9e3e5 10%,rgba(44,70,76,.0) 60%),\r\n               -moz-linear-gradient(-45deg,  rgba(143,181,158,.8) -10%,rgba(213,232,211,.8) 80% )\r\n           ;\r\n           background-image:\r\n               -o-radial-gradient(-20% 140%, ellipse ,  rgba(143,192,193,.6) 30%,rgba(255,255,227,0) 50%),\r\n               -o-radial-gradient(60% 40%,ellipse,   #d9e3e5 10%,rgba(44,70,76,.0) 60%),\r\n               -o-linear-gradient(-45deg,  rgba(143,181,158,.8) -10%,rgba(213,232,211,.8) 80% )\r\n           ;\r\n           background-image:\r\n               -ms-radial-gradient(-20% 140%, ellipse ,  rgba(143,192,193,.6) 30%,rgba(255,255,227,0) 50%),\r\n               -ms-radial-gradient(60% 40%,ellipse,   #d9e3e5 10%,rgba(44,70,76,.0) 60%),\r\n               -ms-linear-gradient(-45deg,  rgba(143,181,158,.8) -10%,rgba(213,232,211,.8) 80% )\r\n           ;\r\n           background-image:\r\n               -webkit-radial-gradient(-20% 140%, ellipse ,  rgba(143,192,193,.6) 30%,rgba(255,255,227,0) 50%),\r\n               -webkit-radial-gradient(60% 40%,ellipse,   #d9e3e5 10%,rgba(44,70,76,.0) 60%),\r\n               -webkit-linear-gradient(-45deg,  rgba(143,181,158,.8) -10%,rgba(213,232,211,.8) 80% )\r\n               ;\r\n        }\r\n@media (max-width:767px){\r\n    html.bg {\r\n        \r\n        }\r\n        .cool-transparent .off-screen+* .app-content-body {\r\n        \r\n        }\r\n}\r\n/*首页文章版式圆角化*/\r\n/*.panel{\r\n    border: none;\r\n    border-radius: 15px;\r\n}\r\n\r\n.panel-small{\r\n    border: none;\r\n    border-radius: 15px;\r\n}\r\n\r\n.item-thumb{\r\n    border-radius: 15px;  \r\n}\r\n*/\r\n/*首页文章图片获取焦点放大*/\r\n.item-thumb{\r\n    cursor: pointer;  \r\n    transition: all 0.6s;  \r\n}\r\n\r\n.item-thumb:hover{\r\n      transform: scale(1.05);  \r\n}\r\n\r\n.item-thumb-small{\r\n    cursor: pointer;  \r\n    transition: all 0.6s;\r\n}\r\n\r\n.item-thumb-small:hover{\r\n    transform: scale(1.05);\r\n}\r\n \r\n/*首页头像自动旋转*/\r\n.thumb-lg{\r\n    width:130px;\r\n}\r\n\r\n.avatar{\r\n    -webkit-transition: 0.4s;\r\n    -webkit-transition: -webkit-transform 0.4s ease-out;\r\n    transition: transform 0.4s ease-out;\r\n    -moz-transition: -moz-transform 0.4s ease-out; \r\n}\r\n\r\n.avatar:hover{\r\n    transform: rotateZ(360deg);\r\n    -webkit-transform: rotateZ(360deg);\r\n    -moz-transform: rotateZ(360deg);\r\n}\r\n\r\n#aside-user span.avatar{\r\n    animation-timing-function:cubic-bezier(0,0,.07,1)!important;\r\n    border:0 solid\r\n}\r\n\r\n#aside-user span.avatar:hover{\r\n    transform:rotate(360deg) scale(1.2);\r\n    border-width:5px;\r\n    animation:avatar .5s\r\n}\r\n\r\n/*panel阴影*/\r\n.panel{\r\n   box-shadow: 1px 1px 5px 5px rgba(17, 150, 196, 0.35);\r\n    -moz-box-shadow: 1px 1px 5px 5px rgba(17, 150, 196, 0.35);\r\n}\r\n\r\n.panel:hover{\r\n    box-shadow: 1px 1px 5px 5px rgba(17, 150, 196, 0.35);\r\n    -moz-box-shadow: 1px 1px 5px 5px rgba(17, 150, 196, 0.35);\r\n}\r\n\r\n.panel-small{\r\n    box-shadow: 1px 1px 5px 5px rgba(17, 150, 196, 0.35);\r\n    -moz-box-shadow: 1px 1px 5px 5px rgba(17, 150, 196, 0.35);\r\n}\r\n\r\n.panel-small:hover{\r\n    box-shadow: 1px 1px 5px 5px rgba(17, 150, 196, 0.35);\r\n    -moz-box-shadow: 1px 1px 5px 5px rgba(17, 150, 196, 0.35);\r\n}\r\n\r\n.app.container {\r\n    box-shadow: 0 0 30px rgba(17, 150, 196, 0.35);\r\n\r\n\r\n/*首页文章a标签颜色渐变*/\r\n.index-post-title a:hover{\r\n     color:rgba(107, 209, 255, 1);\r\n     transition:color 0.2s linear\r\n} \r\n```\r\n\r\n## 自定义配色方案\r\n\r\n### 自定义左上方的颜色\r\n\r\n修改`handsome`主题文件夹下的`component`文件夹中的`headnav.php`文件\r\n\r\n```php\r\n\r\n<!-- navbar header（交集处） -->\r\n<!--<?php echo Content::slectNavbarHeader(); ?>-->\r\n<div class=\"text-ellipsis navbar-header bg-info dker\">\r\n\r\n```\r\n\r\n[![](https://ae01.alicdn.com/kf/H83866e06f9374d0caad624db01973b6cx.png)](https://ae01.alicdn.com/kf/H83866e06f9374d0caad624db01973b6cx.png)\r\n\r\n\r\n### 自定义导航栏颜色\r\n\r\n同样是修改`handsome`主题文件夹下的`component`文件夹中的`headnav.php`文件\r\n\r\n```php\r\n\r\n<!-- navbar collapse（顶部导航栏） -->\r\n<!--<?php echo Content::selectNavbarCollapse() ?>-->\r\n<div class=\"collapse pos-rlt navbar-collapse box-shadow bg-info dker\">\r\n	\r\n```\r\n\r\n[![](https://ae01.alicdn.com/kf/H45fb65f76be54fc99b03b65671d442057.png)](https://ae01.alicdn.com/kf/H45fb65f76be54fc99b03b65671d442057.png)\r\n\r\n### 自定义左侧导航栏颜色\r\n\r\n修改`handsome`主题文件夹下的`component`文件夹中的`aside.php`文件\r\n\r\n同样是把红框内的php代码注释掉然后自己重写div以及class属性\r\n\r\n\r\n[![](https://ae01.alicdn.com/kf/H523852f7f7d74670ae3dc8be5256f4b7V.png)](https://ae01.alicdn.com/kf/H523852f7f7d74670ae3dc8be5256f4b7V.png)\r\n\r\n\r\n',0,1,NULL,'post','private',NULL,0,'1','1','1',0,1),(56,'Nodejs常用模块','56',1582398960,1582946559,'<!--markdown-->## util模块\r\n\r\n`util`模块是一个工具模块，提供的主要方法有：\r\n\r\n- `util.inspect()`：返回一个对象反序列化形成的字符串\r\n- `util.format()`：返回一个使用占位符格式化的字符串，类似于C语言的printf。可以使用的占位符有%s、%d、%j等。\r\n- `uitl.log()`：在控制台输出，类似于console.log()，但这个方法带有时间戳。\r\n\r\n```javascript\r\nconst util = require(\"util\");\r\nlet obj = {\r\n	keyword:\'nodejs\',\r\n	name:\'zhangsan\',\r\n	age:23\r\n};\r\n\r\n//将对象序列化成字符串\r\nlet str =util.inspect(obj,{\'color\':true});\r\n\r\nconsole.log(str);\r\n\r\nlet out = util.format(\'%s is %d\',\'zhangsan\',12);\r\nconsole.log(out);\r\n\r\n\r\nout = util.format(\'%s is %s%s\',\'zhangsan\',\'tiancai\');\r\nconsole.log(out);\r\n\r\n\r\n\r\n```\r\n\r\n![image-20200223025418770](https://ae01.alicdn.com/kf/Hacc1299393c040cb940cb617869b66fdy.png)\r\n\r\n## path模块\r\n\r\n`path`模块提供了一系列处理文件路径的工具，主要的方法有\r\n\r\n- `path.join()`：将所有的参数连接起来，返回一个路径。\r\n- `path.extname()`：返回路径参数的拓展名，无拓展名时返回空字符串。\r\n- `path.parse()`：将路径解析为一个路径对象。\r\n- `path.format()`：接受要给路径对象为参数，返回一个完整的路径地址。\r\n\r\n```javascript\r\nconst path = require(\"path\");\r\n\r\n//拼接文件路径\r\nlet filepath = path.join(__dirname,\'node\',\'node.js\');\r\n\r\nconsole.log(filepath);\r\n\r\n//获取文件的拓展名\r\n//\r\nlet ext = path.extname(filepath);\r\nconsole.log(ext);\r\n\r\n//当前path.js文件路径\r\nlet thisFile = path.join(__dirname+\"/path.js\");\r\n\r\n//解析成js对象\r\nlet obj = path.parse(thisFile);\r\nconsole.log(obj);\r\n\r\n\r\n```\r\n\r\n\r\n\r\n![image-20200223030237520](https://ae01.alicdn.com/kf/H8e033b7642a64b6082d58101e097e83eE.png)\r\n\r\n## dns模块\r\n\r\n`dns`模块的功能时域名处理和域名解析，常用的方法有\r\n\r\n- `dns.resolve()`：将一个域名解析为一个指定类型的数组\r\n- `dns.lookup()`：返回第一个被发现的IPv4或者IPv6的地址。\r\n- `dns.reverse()`：通过IP解析域名。\r\n\r\n```javascript\r\n/*\r\n	dns模块\r\n */\r\n\r\nconst dns = require(\'dns\');\r\n\r\nlet domain = \'baidu.com\';\r\n//解析百度的IPv4地址\r\ndns.resolve(domain,(err,address)=>{\r\n	if(err){\r\n		console.log(err);\r\n		return;\r\n	}\r\n	console.log(\'解析百度的IPv4地址：\',address);\r\n});\r\n\r\n//返回数组的第一个元素,但是不知道为什么我这里返回的是第二个元素\r\ndns.lookup(domain,(err,address)=>{\r\n	if(err){\r\n		console.log(err);\r\n		return;\r\n	}\r\n	console.log(\'返回数组中的某个元素：\',address);\r\n});\r\n\r\n\r\n//通过IP解析域名\r\n\r\ndns.reverse(\'114.114.114.114\',(err,domain)=>{\r\n	if(err){\r\n		console.log(err);\r\n		return;\r\n	}\r\n	console.log(\'通过IP解析域名:\',domain);\r\n});\r\n\r\n\r\n\r\n```\r\n\r\n\r\n\r\n![image-20200223031214995](https://ae01.alicdn.com/kf/Hfa04cb0a7fb141a09a34b76a3d593bf7v.png)',0,1,NULL,'post','private',NULL,0,'1','1','1',0,2),(57,'Nodejs爬虫学习','57',1582407120,1582946671,'<!--markdown-->第一个爬虫\r\n```javascript\r\nconst http  =  require(\'http\');\r\n\r\nhttp.request(\'http://blog.nekoo.xyz\',res =>{\r\n\r\n    let chunks =\'\'\r\n    // let chunks = []\r\n    res.on(\'data\',chunk=>{\r\n        //chunks.push(chunk);\r\n        chunks+=chunk;\r\n\r\n    })\r\n\r\n    res.on(\'end\',()=>{\r\n       //var s =Buffer.concat(chunks).toString(\'utf-8\')\r\n        console.log(chunks);\r\n\r\n    })\r\n}).end()\r\n```\r\n',0,1,NULL,'post','private',NULL,0,'1','1','1',0,2),(61,'001.png','001-png',1583487091,1583487091,'a:5:{s:4:\"name\";s:7:\"001.png\";s:4:\"path\";s:35:\"/usr/uploads/2020/03/1626863667.png\";s:4:\"size\";i:48935;s:4:\"type\";s:3:\"png\";s:4:\"mime\";s:9:\"image/png\";}',1,1,NULL,'attachment','publish',NULL,0,'1','0','1',66,0),(58,'完美解决windows10磁盘占用100%并出现卡顿、假死无反应','58',1582628400,1582946503,'<!--markdown-->想必大家也跟我一样，自从用win10系统以后经常会出现这种情况：磁盘突然占用100%然后开始出现假死现象，电脑卡住，点击任何软件没反应，播放的歌曲卡住，主机硬盘灯长亮不闪，过了数秒或者数十秒又恢复正常像是没发生一样…\r\n刚开始我也是开使各种求助度娘，然后就有了类似下列的做法：关闭家庭组服务、关闭WindowsDefender、关闭Windows Search、关闭ipv6等等，几乎百度的方法我全试过，结果然并卵\r\n好吧，这下百度的方法行不通了，只能自己来解决了\r\n现在思路是这样的：\r\n1.难道是我的sata硬盘线有问题?尝试着换了一根，结果依旧没用\r\n2.硬盘4K对齐出现了错误？我重新进行了分区并4K对齐，结果没用，（这次导致我硬盘的资源全没了）\r\n当时的心情就是Mlgb老子不干了，换回win7继续用了一个月….时间推到了上周末晚上，有了压岁钱的原因心血来潮买了个win7专业版key，又想上win10了…上了win10之后心里祈祷着不再有一个月前的毛病，当然事与愿违，还是出现了再次的问题，这次我抱着我TM就不信我解决不了这问题的心理开始继续折腾\r\n时间线再次推回到上次的思路：硬盘有问题\r\n开始各种刷帖子整理症状\r\n偶然间看到一位吧友说到可能是APU驱动有问题？\r\n我想我的不是APU也出现了此类问题，然后就是驱动…\r\n和硬盘有关的驱动就是启动方式的驱动了，然后就…嗯，有思路了，从ahci驱动入手，设备管理器查看了一下ahci驱动，卧槽？！win10是微软自带的ahci驱动，驱动日期在2006年，这么老的驱动时间能不出问题么？我换成了AMD提供的最新的ahci启动驱动之后\r\n卧槽？！问题解决了！终于可以愉快地开始体验win10了!\r\n\r\n\r\n下面是我总结的具体解决方法：(更新于2019/8/3)\r\n\r\n**电脑配置：**\r\n\r\n电脑：华硕\r\n\r\n系统：windows10\r\n\r\n**问题：**\r\n\r\n1.正常使用过程中，电脑经常卡顿、假死，大约数秒后恢复正常（开机的时候经常磁盘100%）\r\n\r\n2.卡顿时，通过任务管理器可以观察到磁盘利用率为100%\r\n\r\n\r\n\r\n![img]( https://ae01.alicdn.com/kf/H96fa7ac051b04215bb2085c94fd69a32k.png )\r\n\r\n \r\n\r\n**原因：**\r\n\r\n安装Win10时，系统自动安装了不合适的硬盘驱动（AHCI）驱动太老，更新最新即可解决。\r\n\r\n \r\n\r\n#### **硬盘驱动查看办法：**\r\n\r\n1.右键“此电脑”，选择“管理”\r\n\r\n2.选择“计算机管理（本地）- 系统工具 - 设备管理器”\r\n\r\n3.选择“IDE ATA/ATAPI 控制器\r\n\r\n4.右键下拉内容（如Intel(R) 100…），选择“属性”\r\n\r\n5.选择“驱动程序”，查看“驱动程序日期”\r\n\r\n6.Win10 系统自带的驱动程序日期显示为2006年，不管这个驱动程序到底是不是2006年的，换掉它\r\n\r\n![img]( https://ae01.alicdn.com/kf/Hd2b57bb5b8be4ea096c54dcac0e8fff81.png )\r\n\r\n \r\n\r\n**解决方案：**\r\n\r\n不要选择“更新驱动程序”，因为它会告诉你它是最新的。\r\n\r\n选择用驱动精灵更新驱动，即下图所示的“Intel快速存储驱动xxxx版”\r\n\r\n安装完成后，重启电脑，问题解决\r\n\r\n ![img]( https://ae01.alicdn.com/kf/Hfae28f220a2b4733bd654496e802e423X.png )\r\n\r\n \r\n\r\n \r\n\r\n**PS：看看你自己的芯片是AMD还是Intel，这是确定你下载哪个版本。**\r\n\r\n微软官方解决方案：https://support.microsoft.com/en-us/help/3083595/task-manager-might-show-100-disk-utilization-on-windows-10-devices-wit\r\n\r\n \r\n\r\n**针对AMD平台：**下载驱动并解压到桌面：链接：https://pan.baidu.com/s/1cwSEZQKgpi_364OuR4uLLQ 提取码：oxqk 。\r\n然后按住win+X，选择设备管理器->展开IDEATA/ATAPI控制器->在标准sata ahci控制器上右键属性->驱动程序>更新驱动程序->浏览计算机以查找驱动程序软件\r\n\r\n然后浏览，选择 刚才AMD驱动你选择install的位置\\Packages\\Drivers\\SBDrv ，之后点击下一步会执行安装，安装完毕后会提示重启计算机，重启之后问题就解决了w\r\n\r\n \r\n\r\n**针对intel平台：**\r\n\r\n法①：从网上找个intel的AHCI驱动程序，之后和上面的程序差不多，我就不再次叙述了.最后附上intel的下载地址链接：https://pan.baidu.com/s/1qZOzwK0 密码： 密码：xjci\r\nIntel的安装包很小，而且还没有安装程序。你只需要解压，然后复制文件地址。其余步骤和AMD的一样。\r\n\r\n法②：下载并安装英特尔快速存储驱动https://downloadcenter.intel.com/zh-cn/product/55005/-RST-，更常见的是通过鲁大师等软件下载匹配的驱动。\r\n\r\n \r\n\r\n \r\n\r\n**最后总结：**\r\n\r\nWin10 磁盘占用100%（卡顿）的问题非常普遍，网上的解决办法也是多种多样\r\n\r\n但是每台电脑卡顿的原因不尽相同，本文并不能确保能解决所有人遇到的问题，所以需要大家集思广益，勇于尝试\r\n\r\n希望大家早日摆脱Win10 卡顿的问题',0,1,NULL,'post','publish',NULL,0,'1','1','1',0,4),(62,'002.png','002-png',1583487222,1583487222,'a:5:{s:4:\"name\";s:7:\"002.png\";s:4:\"path\";s:35:\"/usr/uploads/2020/03/3851954182.png\";s:4:\"size\";i:44006;s:4:\"type\";s:3:\"png\";s:4:\"mime\";s:9:\"image/png\";}',2,1,NULL,'attachment','publish',NULL,0,'1','0','1',66,0),(63,'003.png','003-png',1583487381,1583487381,'a:5:{s:4:\"name\";s:7:\"003.png\";s:4:\"path\";s:35:\"/usr/uploads/2020/03/1109383144.png\";s:4:\"size\";i:89222;s:4:\"type\";s:3:\"png\";s:4:\"mime\";s:9:\"image/png\";}',3,1,NULL,'attachment','publish',NULL,0,'1','0','1',66,0),(64,'004.png','004-png',1583487422,1583487422,'a:5:{s:4:\"name\";s:7:\"004.png\";s:4:\"path\";s:35:\"/usr/uploads/2020/03/2471783318.png\";s:4:\"size\";i:125710;s:4:\"type\";s:3:\"png\";s:4:\"mime\";s:9:\"image/png\";}',4,1,NULL,'attachment','publish',NULL,0,'1','0','1',66,0),(65,'mpv-shot0001.png','mpv-shot0001-png',1583487488,1583487488,'a:5:{s:4:\"name\";s:16:\"mpv-shot0001.png\";s:4:\"path\";s:35:\"/usr/uploads/2020/03/3494362528.png\";s:4:\"size\";i:1246643;s:4:\"type\";s:3:\"png\";s:4:\"mime\";s:9:\"image/png\";}',5,1,NULL,'attachment','publish',NULL,0,'1','0','1',66,0),(66,'如何利用服务器优雅的下载种子','66',1583487480,1583487561,'<!--markdown-->## 配置Aria2\r\n\r\n首先先打开这个网址\r\n\r\nhttp://205.185.120.77:6080/\r\n\r\n然后点击AriaNG设置\r\n\r\n[![](http://blog.nekoo.xyz/usr/uploads/2020/03/1626863667.png)](http://blog.nekoo.xyz/usr/uploads/2020/03/1626863667.png)\r\n\r\n然后点`RPC`输入密钥`qing`\r\n\r\n[![](http://blog.nekoo.xyz/usr/uploads/2020/03/3851954182.png)](http://blog.nekoo.xyz/usr/uploads/2020/03/3851954182.png)\r\n\r\n然后刷新网页，就会提示`已连接`\r\n\r\n\r\n## 配置tracker\r\n\r\n种子的下载原理这里就不说了，有兴趣了解的可以自己百度。反正缺少tracker是下载不动种子的。\r\n\r\n点击`Aria2`设置下的`BitTorrent`设置\r\n\r\n![003.png](http://blog.nekoo.xyz/usr/uploads/2020/03/1109383144.png)\r\n\r\n找到`BT服务器地址`，输入这里提供的`tracker`\r\n\r\n![004.png](http://blog.nekoo.xyz/usr/uploads/2020/03/2471783318.png)\r\n\r\n\r\ntracker：\r\n\r\n\r\nudp://188.241.58.209:6969/announce,udp://93.158.213.92:1337/announce,udp://62.210.97.59:1337/announce,udp://151.80.120.114:2710/announce,udp://80.209.252.132:1337/announce,udp://208.83.20.20:6969/announce,udp://89.234.156.205:451/announce,udp://5.206.3.65:6969/announce,udp://37.235.174.46:2710/announce,udp://194.182.165.153:6969/announce,udp://185.181.60.67:80/announce,udp://142.44.243.4:1337/announce,udp://54.37.235.149:6969/announce,udp://51.15.40.114:80/announce,udp://184.105.151.164:6969/announce,http://184.105.151.164:6969/announce,udp://212.47.227.58:6969/announce,udp://31.210.170.169:2710/announce,udp://46.148.18.250:2710/announce,udp://51.15.55.204:1337/announce,udp://51.254.249.186:6969/announce,udp://91.149.192.31:6969/announce,udp://15.188.67.15:6969/announce,udp://207.246.121.172:2000/announce,udp://5.226.148.20:6969/announce,udp://212.1.226.176:2710/announce,udp://217.76.183.53:80/announce,udp://185.83.214.123:6969/announce,udp://46.148.18.254:2710/announce,udp://23.95.32.130:6969/announce,udp://80.211.26.119:9696/announce,udp://207.241.231.226:6969/announce,udp://207.241.226.111:6969/announce,http://175.24.22.206:11450/announce,http://222.84.65.226:6969/announce,http://93.158.213.92:1337/announce,http://54.39.179.91:6699/announce,http://51.68.122.172:80/announce,udp://182.150.53.61:8080/announce,udp://176.113.71.60:6961/announce,udp://176.113.68.67:6961/announce,udp://75.127.14.224:2710/announce,udp://51.158.23.91:6969/announce,udp://78.46.225.225:2710/announce,udp://45.86.70.144:6969/announce,udp://51.15.3.74:6969/announce,udp://218.5.40.38:2710/announce,udp://139.99.100.97:8080/announce,http://182.150.53.61:8080/announce,http://95.107.48.115:80/announce,http://176.113.71.60:6961/announce,http://176.113.68.67:6961/announce,http://51.15.55.204:1337/announce,http://51.254.249.186:6969/announce,http://13.70.4.194:6969/announce,http://78.46.225.225:2710/announce,http://149.28.95.5:2710/announce,http://176.123.5.118:80/announce,http://54.37.157.173:80/announce,http://185.83.214.123:6969/announce,http://91.207.136.85:80/announce\r\n\r\n然后再刷新网页就可以了~~\r\n',0,1,NULL,'post','publish','jq',0,'1','1','1',0,3);
/*!40000 ALTER TABLE `typecho_contents` ENABLE KEYS */;
UNLOCK TABLES;

--
-- Table structure for table `typecho_fields`
--

DROP TABLE IF EXISTS `typecho_fields`;
/*!40101 SET @saved_cs_client     = @@character_set_client */;
/*!40101 SET character_set_client = utf8 */;
CREATE TABLE `typecho_fields` (
  `cid` int(10) unsigned NOT NULL,
  `name` varchar(150) NOT NULL,
  `type` varchar(8) DEFAULT 'str',
  `str_value` text,
  `int_value` int(10) DEFAULT '0',
  `float_value` float DEFAULT '0',
  PRIMARY KEY (`cid`,`name`),
  KEY `int_value` (`int_value`),
  KEY `float_value` (`float_value`)
) ENGINE=MyISAM DEFAULT CHARSET=utf8;
/*!40101 SET character_set_client = @saved_cs_client */;

--
-- Dumping data for table `typecho_fields`
--

LOCK TABLES `typecho_fields` WRITE;
/*!40000 ALTER TABLE `typecho_fields` DISABLE KEYS */;
INSERT INTO `typecho_fields` VALUES (5,'thumbChoice','str','default',0,0),(5,'thumb','str','',0,0),(5,'thumbSmall','str','',0,0),(5,'thumbDesc','str','',0,0),(5,'thumbStyle','str','default',0,0),(5,'noThumbInfoStyle','str','default',0,0),(5,'outdatedNotice','str','no',0,0),(5,'customSummary','str','',0,0),(5,'reprint','str','standard',0,0),(21,'thumbSmall','str','',0,0),(21,'thumb','str','',0,0),(21,'thumbChoice','str','default',0,0),(21,'thumbStyle','str','default',0,0),(21,'thumbDesc','str','',0,0),(11,'thumbSmall','str','',0,0),(11,'thumb','str','',0,0),(11,'thumbChoice','str','default',0,0),(11,'thumbStyle','str','default',0,0),(11,'thumbDesc','str','',0,0),(9,'thumbChoice','str','default',0,0),(9,'thumb','str','',0,0),(9,'thumbSmall','str','',0,0),(9,'thumbDesc','str','',0,0),(9,'thumbStyle','str','default',0,0),(9,'noThumbInfoStyle','str','default',0,0),(9,'outdatedNotice','str','no',0,0),(9,'customSummary','str','',0,0),(9,'reprint','str','standard',0,0),(10,'thumbChoice','str','default',0,0),(10,'thumb','str','',0,0),(10,'thumbSmall','str','',0,0),(10,'thumbDesc','str','',0,0),(10,'thumbStyle','str','default',0,0),(10,'noThumbInfoStyle','str','default',0,0),(10,'outdatedNotice','str','no',0,0),(10,'customSummary','str','',0,0),(10,'reprint','str','standard',0,0),(11,'noThumbInfoStyle','str','default',0,0),(11,'outdatedNotice','str','no',0,0),(11,'customSummary','str','',0,0),(11,'reprint','str','standard',0,0),(12,'thumbChoice','str','default',0,0),(12,'thumb','str','',0,0),(12,'thumbSmall','str','',0,0),(12,'thumbDesc','str','',0,0),(12,'thumbStyle','str','default',0,0),(12,'noThumbInfoStyle','str','default',0,0),(12,'outdatedNotice','str','no',0,0),(12,'customSummary','str','',0,0),(12,'reprint','str','standard',0,0),(13,'thumbChoice','str','default',0,0),(13,'thumb','str','',0,0),(13,'thumbSmall','str','',0,0),(13,'thumbDesc','str','',0,0),(13,'thumbStyle','str','default',0,0),(13,'noThumbInfoStyle','str','default',0,0),(13,'outdatedNotice','str','no',0,0),(13,'customSummary','str','',0,0),(13,'reprint','str','standard',0,0),(14,'thumbChoice','str','default',0,0),(14,'thumb','str','',0,0),(14,'thumbSmall','str','',0,0),(14,'thumbDesc','str','',0,0),(14,'thumbStyle','str','default',0,0),(14,'noThumbInfoStyle','str','default',0,0),(14,'outdatedNotice','str','no',0,0),(14,'customSummary','str','',0,0),(14,'reprint','str','standard',0,0),(15,'thumbChoice','str','default',0,0),(15,'thumb','str','',0,0),(15,'thumbSmall','str','',0,0),(15,'thumbDesc','str','',0,0),(15,'thumbStyle','str','default',0,0),(15,'noThumbInfoStyle','str','default',0,0),(15,'outdatedNotice','str','no',0,0),(15,'customSummary','str','在本地用虚拟机装Centos7的时候，曾经出现过无法联网的问题，尝试百度了一波，发现需要设置启动网卡。',0,0),(15,'reprint','str','standard',0,0),(16,'thumbChoice','str','default',0,0),(16,'thumb','str','',0,0),(16,'thumbSmall','str','',0,0),(16,'thumbDesc','str','',0,0),(16,'thumbStyle','str','default',0,0),(16,'noThumbInfoStyle','str','default',0,0),(16,'outdatedNotice','str','no',0,0),(16,'customSummary','str','',0,0),(16,'reprint','str','standard',0,0),(17,'thumbChoice','str','default',0,0),(17,'thumb','str','',0,0),(17,'thumbSmall','str','',0,0),(17,'thumbDesc','str','',0,0),(17,'thumbStyle','str','default',0,0),(17,'noThumbInfoStyle','str','default',0,0),(17,'outdatedNotice','str','no',0,0),(17,'customSummary','str','这是写的是摘要',0,0),(17,'reprint','str','standard',0,0),(18,'thumbChoice','str','default',0,0),(18,'thumb','str','https://ooo.0x0.ooo/2020/02/17/ICet.jpg',0,0),(18,'thumbSmall','str','',0,0),(18,'thumbDesc','str','',0,0),(18,'thumbStyle','str','default',0,0),(18,'noThumbInfoStyle','str','default',0,0),(18,'outdatedNotice','str','no',0,0),(18,'customSummary','str','',0,0),(18,'reprint','str','standard',0,0),(19,'thumbChoice','str','default',0,0),(19,'thumb','str','https://i.loli.net/2020/02/10/PYhcpZx4QFD1bHX.jpg',0,0),(19,'thumbSmall','str','',0,0),(19,'thumbDesc','str','',0,0),(19,'thumbStyle','str','default',0,0),(19,'noThumbInfoStyle','str','default',0,0),(19,'outdatedNotice','str','no',0,0),(19,'customSummary','str','',0,0),(19,'reprint','str','standard',0,0),(20,'thumbChoice','str','default',0,0),(20,'thumb','str','https://i.loli.net/2020/02/10/PYhcpZx4QFD1bHX.jpg',0,0),(20,'thumbSmall','str','',0,0),(20,'thumbDesc','str','',0,0),(20,'thumbStyle','str','default',0,0),(20,'noThumbInfoStyle','str','default',0,0),(20,'outdatedNotice','str','no',0,0),(20,'customSummary','str','',0,0),(20,'reprint','str','standard',0,0),(21,'noThumbInfoStyle','str','default',0,0),(21,'outdatedNotice','str','no',0,0),(21,'customSummary','str','',0,0),(21,'reprint','str','standard',0,0),(33,'thumbSmall','str','',0,0),(33,'thumbDesc','str','',0,0),(33,'thumbChoice','str','default',0,0),(33,'thumb','str','https://i.loli.net/2020/02/11/r8xXqAeC3W6SoHK.jpg',0,0),(33,'thumbStyle','str','default',0,0),(28,'thumbChoice','str','default',0,0),(28,'thumb','str','',0,0),(28,'thumbSmall','str','',0,0),(28,'thumbDesc','str','',0,0),(28,'thumbStyle','str','default',0,0),(28,'noThumbInfoStyle','str','default',0,0),(28,'outdatedNotice','str','no',0,0),(28,'customSummary','str','',0,0),(28,'reprint','str','standard',0,0),(29,'thumbChoice','str','default',0,0),(29,'thumb','str','https://i.ibb.co/Wg2g3Kp/ACG-GY-11.png',0,0),(29,'thumbSmall','str','',0,0),(29,'thumbDesc','str','',0,0),(29,'thumbStyle','str','default',0,0),(29,'noThumbInfoStyle','str','default',0,0),(29,'outdatedNotice','str','no',0,0),(29,'customSummary','str','',0,0),(29,'reprint','str','standard',0,0),(33,'reprint','str','standard',0,0),(33,'noThumbInfoStyle','str','default',0,0),(33,'outdatedNotice','str','no',0,0),(33,'customSummary','str','',0,0),(35,'thumbSmall','str','',0,0),(35,'thumb','str','https://i.loli.net/2020/02/11/r8xXqAeC3W6SoHK.jpg',0,0),(35,'thumbChoice','str','default',0,0),(35,'thumbDesc','str','',0,0),(35,'thumbStyle','str','default',0,0),(35,'noThumbInfoStyle','str','default',0,0),(35,'outdatedNotice','str','no',0,0),(35,'customSummary','str','',0,0),(35,'reprint','str','standard',0,0),(36,'thumbChoice','str','default',0,0),(36,'thumb','str','https://i.loli.net/2020/02/11/r8xXqAeC3W6SoHK.jpg',0,0),(36,'thumbSmall','str','',0,0),(36,'thumbDesc','str','',0,0),(36,'thumbStyle','str','default',0,0),(36,'noThumbInfoStyle','str','default',0,0),(36,'outdatedNotice','str','no',0,0),(36,'customSummary','str','',0,0),(36,'reprint','str','standard',0,0),(38,'thumbChoice','str','default',0,0),(38,'thumb','str','https://i.loli.net/2020/02/12/18boFkKzMVTvL4g.jpg',0,0),(38,'thumbSmall','str','',0,0),(38,'thumbDesc','str','',0,0),(38,'thumbStyle','str','default',0,0),(38,'noThumbInfoStyle','str','default',0,0),(38,'outdatedNotice','str','no',0,0),(38,'customSummary','str','',0,0),(38,'reprint','str','standard',0,0),(39,'thumbChoice','str','default',0,0),(39,'thumb','str','',0,0),(39,'thumbSmall','str','',0,0),(39,'thumbDesc','str','',0,0),(39,'thumbStyle','str','default',0,0),(39,'noThumbInfoStyle','str','default',0,0),(39,'outdatedNotice','str','no',0,0),(39,'customSummary','str','',0,0),(39,'reprint','str','standard',0,0),(40,'thumbChoice','str','default',0,0),(40,'thumb','str','',0,0),(40,'thumbSmall','str','',0,0),(40,'thumbDesc','str','',0,0),(40,'thumbStyle','str','default',0,0),(40,'noThumbInfoStyle','str','default',0,0),(40,'outdatedNotice','str','no',0,0),(40,'customSummary','str','',0,0),(40,'reprint','str','standard',0,0),(41,'thumbChoice','str','default',0,0),(41,'thumb','str','https://i.loli.net/2020/02/12/7etHYIrgSlX8jZi.jpg',0,0),(41,'thumbSmall','str','',0,0),(41,'thumbDesc','str','',0,0),(41,'thumbStyle','str','default',0,0),(41,'noThumbInfoStyle','str','default',0,0),(41,'outdatedNotice','str','no',0,0),(41,'customSummary','str','',0,0),(41,'reprint','str','standard',0,0),(42,'thumbChoice','str','default',0,0),(42,'thumb','str','https://i.loli.net/2020/02/13/WYUNFw95yXA2sDa.png',0,0),(42,'thumbSmall','str','',0,0),(42,'thumbDesc','str','',0,0),(42,'thumbStyle','str','default',0,0),(42,'noThumbInfoStyle','str','default',0,0),(42,'outdatedNotice','str','no',0,0),(42,'customSummary','str','',0,0),(42,'reprint','str','standard',0,0),(43,'thumbChoice','str','default',0,0),(43,'thumb','str','https://i.loli.net/2020/02/14/7sq3JZQm2rv15DO.jpg',0,0),(43,'thumbSmall','str','',0,0),(43,'thumbDesc','str','',0,0),(43,'thumbStyle','str','default',0,0),(43,'noThumbInfoStyle','str','default',0,0),(43,'outdatedNotice','str','no',0,0),(43,'customSummary','str','',0,0),(43,'reprint','str','standard',0,0),(44,'thumbChoice','str','default',0,0),(44,'thumb','str','https://i.loli.net/2020/02/14/7sq3JZQm2rv15DO.jpg',0,0),(44,'thumbSmall','str','',0,0),(44,'thumbDesc','str','',0,0),(44,'thumbStyle','str','default',0,0),(44,'noThumbInfoStyle','str','default',0,0),(44,'outdatedNotice','str','no',0,0),(44,'customSummary','str','',0,0),(44,'reprint','str','standard',0,0),(46,'thumbChoice','str','default',0,0),(46,'thumb','str','https://i.loli.net/2020/02/16/OnqfbV4NC8EKRhP.jpg',0,0),(46,'thumbSmall','str','',0,0),(46,'thumbDesc','str','',0,0),(46,'thumbStyle','str','default',0,0),(46,'noThumbInfoStyle','str','default',0,0),(46,'outdatedNotice','str','no',0,0),(46,'customSummary','str','',0,0),(46,'reprint','str','standard',0,0),(47,'thumbChoice','str','default',0,0),(47,'thumb','str','https://i.loli.net/2020/02/16/OnqfbV4NC8EKRhP.jpg',0,0),(47,'thumbSmall','str','',0,0),(47,'thumbDesc','str','',0,0),(47,'thumbStyle','str','default',0,0),(47,'noThumbInfoStyle','str','default',0,0),(47,'outdatedNotice','str','no',0,0),(47,'customSummary','str','',0,0),(47,'reprint','str','standard',0,0),(48,'thumbChoice','str','default',0,0),(48,'thumb','str','https://i.loli.net/2020/02/17/u3gTxwBNCXldkfY.jpg',0,0),(48,'thumbSmall','str','',0,0),(48,'thumbDesc','str','',0,0),(48,'thumbStyle','str','default',0,0),(48,'noThumbInfoStyle','str','default',0,0),(48,'outdatedNotice','str','no',0,0),(48,'customSummary','str','',0,0),(48,'reprint','str','standard',0,0),(49,'thumbChoice','str','default',0,0),(49,'thumb','str','',0,0),(49,'thumbSmall','str','',0,0),(49,'thumbDesc','str','',0,0),(49,'thumbStyle','str','default',0,0),(49,'noThumbInfoStyle','str','default',0,0),(49,'outdatedNotice','str','no',0,0),(49,'customSummary','str','',0,0),(49,'reprint','str','standard',0,0),(50,'thumbChoice','str','default',0,0),(50,'thumb','str','https://i.loli.net/2020/02/20/WBR5Et4LxwAHmUu.jpg',0,0),(50,'thumbSmall','str','',0,0),(50,'thumbDesc','str','',0,0),(50,'thumbStyle','str','default',0,0),(50,'noThumbInfoStyle','str','default',0,0),(50,'outdatedNotice','str','no',0,0),(50,'customSummary','str','',0,0),(50,'reprint','str','standard',0,0),(51,'thumbChoice','str','default',0,0),(51,'thumb','str','https://demo.nekoc.xyz/images/2020/02/19/bDfrsZ6SkL/ACG.GY_12.jpg',0,0),(51,'thumbSmall','str','',0,0),(51,'thumbDesc','str','',0,0),(51,'thumbStyle','str','default',0,0),(51,'noThumbInfoStyle','str','default',0,0),(51,'outdatedNotice','str','no',0,0),(51,'customSummary','str','',0,0),(51,'reprint','str','standard',0,0),(52,'thumbChoice','str','default',0,0),(52,'thumb','str','https://i.loli.net/2020/02/20/WBR5Et4LxwAHmUu.jpg https://i.loli.net/2020/02/20/7cmG2OLXisl8vhp.jpg',0,0),(52,'thumbSmall','str','',0,0),(52,'thumbDesc','str','',0,0),(52,'thumbStyle','str','default',0,0),(52,'noThumbInfoStyle','str','default',0,0),(52,'outdatedNotice','str','no',0,0),(52,'customSummary','str','',0,0),(52,'reprint','str','standard',0,0),(53,'thumbChoice','str','default',0,0),(53,'thumb','str','https://i.loli.net/2020/02/20/7cmG2OLXisl8vhp.jpg',0,0),(53,'thumbSmall','str','',0,0),(53,'thumbDesc','str','',0,0),(53,'thumbStyle','str','default',0,0),(53,'noThumbInfoStyle','str','default',0,0),(53,'outdatedNotice','str','no',0,0),(53,'customSummary','str','',0,0),(53,'reprint','str','standard',0,0),(54,'thumbChoice','str','default',0,0),(54,'thumb','str','https://i.loli.net/2020/02/21/qCsbmR9Az5Spxar.png',0,0),(54,'thumbSmall','str','',0,0),(54,'thumbDesc','str','',0,0),(54,'thumbStyle','str','default',0,0),(54,'noThumbInfoStyle','str','default',0,0),(54,'outdatedNotice','str','no',0,0),(54,'customSummary','str','',0,0),(54,'reprint','str','standard',0,0),(55,'thumbChoice','str','default',0,0),(55,'thumb','str','https://i.loli.net/2020/02/29/IbZgivqy5cRYjXS.png',0,0),(55,'thumbSmall','str','',0,0),(55,'thumbDesc','str','',0,0),(55,'thumbStyle','str','default',0,0),(55,'noThumbInfoStyle','str','default',0,0),(55,'outdatedNotice','str','no',0,0),(55,'customSummary','str','',0,0),(55,'reprint','str','standard',0,0),(56,'thumbChoice','str','default',0,0),(56,'thumb','str','https://i.loli.net/2020/02/29/IbZgivqy5cRYjXS.png',0,0),(56,'thumbSmall','str','',0,0),(56,'thumbDesc','str','',0,0),(56,'thumbStyle','str','default',0,0),(56,'noThumbInfoStyle','str','default',0,0),(56,'outdatedNotice','str','no',0,0),(56,'customSummary','str','',0,0),(56,'reprint','str','standard',0,0),(57,'thumbChoice','str','default',0,0),(57,'thumb','str','https://i.loli.net/2020/02/29/IbZgivqy5cRYjXS.png',0,0),(57,'thumbSmall','str','',0,0),(57,'thumbDesc','str','',0,0),(57,'thumbStyle','str','default',0,0),(57,'noThumbInfoStyle','str','default',0,0),(57,'outdatedNotice','str','no',0,0),(57,'customSummary','str','',0,0),(57,'reprint','str','standard',0,0),(58,'thumbChoice','str','default',0,0),(58,'thumb','str','https://i.loli.net/2020/02/29/r6aKCYZ4O8c9wzo.jpg',0,0),(58,'thumbSmall','str','',0,0),(58,'thumbDesc','str','',0,0),(58,'thumbStyle','str','default',0,0),(58,'noThumbInfoStyle','str','default',0,0),(58,'outdatedNotice','str','no',0,0),(58,'customSummary','str','',0,0),(58,'reprint','str','standard',0,0),(59,'thumbChoice','str','default',0,0),(59,'thumb','str','https://i.loli.net/2020/02/29/IbZgivqy5cRYjXS.png',0,0),(59,'thumbSmall','str','',0,0),(59,'thumbDesc','str','',0,0),(59,'thumbStyle','str','default',0,0),(59,'noThumbInfoStyle','str','default',0,0),(59,'outdatedNotice','str','no',0,0),(59,'customSummary','str','',0,0),(59,'reprint','str','standard',0,0),(60,'thumbChoice','str','default',0,0),(60,'thumb','str','https://i.loli.net/2020/02/29/IbZgivqy5cRYjXS.png https://i.loli.net/2020/02/29/SYGrodFy7gCas8U.jpg',0,0),(60,'thumbSmall','str','',0,0),(60,'thumbDesc','str','',0,0),(60,'thumbStyle','str','default',0,0),(60,'noThumbInfoStyle','str','default',0,0),(60,'outdatedNotice','str','no',0,0),(60,'customSummary','str','',0,0),(60,'reprint','str','standard',0,0),(32,'thumbChoice','str','default',0,0),(32,'thumb','str','',0,0),(32,'thumbSmall','str','',0,0),(32,'thumbDesc','str','',0,0),(32,'thumbStyle','str','default',0,0),(32,'noThumbInfoStyle','str','default',0,0),(32,'outdatedNotice','str','no',0,0),(32,'customSummary','str','',0,0),(32,'reprint','str','standard',0,0),(66,'thumbChoice','str','default',0,0),(66,'thumb','str','http://blog.nekoo.xyz/usr/uploads/2020/03/3494362528.png',0,0),(66,'thumbSmall','str','',0,0),(66,'thumbDesc','str','',0,0),(66,'thumbStyle','str','default',0,0),(66,'noThumbInfoStyle','str','default',0,0),(66,'outdatedNotice','str','no',0,0),(66,'customSummary','str','',0,0),(66,'reprint','str','standard',0,0);
/*!40000 ALTER TABLE `typecho_fields` ENABLE KEYS */;
UNLOCK TABLES;

--
-- Table structure for table `typecho_links`
--

DROP TABLE IF EXISTS `typecho_links`;
/*!40101 SET @saved_cs_client     = @@character_set_client */;
/*!40101 SET character_set_client = utf8 */;
CREATE TABLE `typecho_links` (
  `lid` int(10) unsigned NOT NULL AUTO_INCREMENT COMMENT 'links表主键',
  `name` varchar(200) DEFAULT NULL COMMENT 'links名称',
  `url` varchar(200) DEFAULT NULL COMMENT 'links网址',
  `sort` varchar(200) DEFAULT NULL COMMENT 'links分类',
  `image` varchar(200) DEFAULT NULL COMMENT 'links图片',
  `description` varchar(200) DEFAULT NULL COMMENT 'links描述',
  `user` varchar(200) DEFAULT NULL COMMENT '自定义',
  `order` int(10) unsigned DEFAULT '0' COMMENT 'links排序',
  PRIMARY KEY (`lid`)
) ENGINE=MyISAM AUTO_INCREMENT=6 DEFAULT CHARSET=utf8;
/*!40101 SET character_set_client = @saved_cs_client */;

--
-- Dumping data for table `typecho_links`
--

LOCK TABLES `typecho_links` WRITE;
/*!40000 ALTER TABLE `typecho_links` DISABLE KEYS */;
/*!40000 ALTER TABLE `typecho_links` ENABLE KEYS */;
UNLOCK TABLES;

--
-- Table structure for table `typecho_metas`
--

DROP TABLE IF EXISTS `typecho_metas`;
/*!40101 SET @saved_cs_client     = @@character_set_client */;
/*!40101 SET character_set_client = utf8 */;
CREATE TABLE `typecho_metas` (
  `mid` int(10) unsigned NOT NULL AUTO_INCREMENT,
  `name` varchar(150) DEFAULT NULL,
  `slug` varchar(150) DEFAULT NULL,
  `type` varchar(32) NOT NULL,
  `description` varchar(150) DEFAULT NULL,
  `count` int(10) unsigned DEFAULT '0',
  `order` int(10) unsigned DEFAULT '0',
  `parent` int(10) unsigned DEFAULT '0',
  PRIMARY KEY (`mid`),
  KEY `slug` (`slug`)
) ENGINE=MyISAM AUTO_INCREMENT=109 DEFAULT CHARSET=utf8;
/*!40101 SET character_set_client = @saved_cs_client */;

--
-- Dumping data for table `typecho_metas`
--

LOCK TABLES `typecho_metas` WRITE;
/*!40000 ALTER TABLE `typecho_metas` DISABLE KEYS */;
INSERT INTO `typecho_metas` VALUES (1,'默认分类','default','category','只是一个默认分类',2,1,0),(9,'主机教程','vps','category','用于分享主机教程',5,2,0),(10,'项目','project','category','存放个人项目',0,3,0),(11,'笔记','notes','category','存放个人学习笔记',0,4,0),(4,'bean','bean','tag',NULL,0,0,0),(5,'对象','对象','tag',NULL,0,0,0),(6,'创建','创建','tag',NULL,0,0,0),(7,'文件','文件','tag',NULL,4,0,0),(8,'容器','容器','tag',NULL,0,0,0),(23,'记录','idea','category','{\"lock\":true,\"password\":\"qing\",\"desc\":\"用于存放自己的日记与有趣的想法\",\"img\":\"https://i.loli.net/2019/05/01/5cc95872929ef.jpeg\"}',4,5,0),(12,'Java','java_notes','category','普通的分类',0,1,11),(28,'ico','ico','tag',NULL,1,0,0),(13,'Python','python_notes','category','普通的分类',0,2,11),(25,'磁力','磁力','tag',NULL,1,0,0),(26,'调用','调用','tag',NULL,1,0,0),(27,'idm','idm','tag',NULL,0,0,0),(14,'Node.js','nodejs_notes','category','普通的分类',0,3,11),(24,'file_key','file_key','tag',NULL,1,0,0),(15,'PHP','php_notes','category','普通的分类',0,4,11),(16,'前端','front_notes','category','普通的分类',0,5,11),(20,'aria2','aria2','tag',NULL,3,0,0),(21,'离线','离线','tag',NULL,0,0,0),(22,'离线下载','离线下载','tag',NULL,1,0,0),(17,'运维','linux_notes','category','普通的分类',1,6,11),(19,'奇奇怪怪的笔记','strange_notes','category','普通的分类',0,7,11),(18,'Centos7','Centos7','tag',NULL,1,0,0),(29,'jdk','jdk','tag',NULL,0,0,0),(30,'java','java','tag',NULL,0,0,0),(31,'jdk8','jdk8','tag',NULL,0,0,0),(32,'java_home','java_home','tag',NULL,0,0,0),(33,'path','path','tag',NULL,0,0,0),(35,'api','api','tag',NULL,0,0,0),(34,'订阅','订阅','tag',NULL,0,0,0),(36,'填写','填写','tag',NULL,0,0,0),(37,'onedrive','onedrive','tag',NULL,0,0,0),(38,'许可证','许可证','tag',NULL,0,0,0),(39,'oneindex','oneindex','tag',NULL,0,0,0),(40,'蓝米云','蓝米云','tag',NULL,0,0,0),(41,'搭建','搭建','tag',NULL,1,0,0),(42,'pia0','pia0','tag',NULL,0,0,0),(43,'续订','续订','tag',NULL,0,0,0),(45,'提交','提交','tag',NULL,0,0,0),(44,'表单','表单','tag',NULL,0,0,0),(46,'类型','类型','tag',NULL,0,0,0),(47,'上传','上传','tag',NULL,1,0,0),(48,'密码','密码','tag',NULL,1,0,0),(49,'bt-panel','bt-panel','tag',NULL,0,0,0),(50,'宝塔','宝塔','tag',NULL,1,0,0),(51,'isidor.sveshnikov@mail.ru','isidor-sveshnikov-mail-ru','tag',NULL,0,0,0),(52,'205.185.120.77','205-185-120-77','tag',NULL,0,0,0),(53,'命令','命令','tag',NULL,2,0,0),(54,'丢丢','丢丢','tag',NULL,0,0,0),(55,'相关','相关','tag',NULL,1,0,0),(56,'linux','linux','tag',NULL,0,0,0),(57,'iftop','iftop','tag',NULL,1,0,0),(58,'流量','流量','tag',NULL,2,0,0),(59,'切换','切换','tag',NULL,1,0,0),(60,'显示','显示','tag',NULL,1,0,0),(61,'刻度','刻度','tag',NULL,1,0,0),(62,'koc','koc','tag',NULL,1,0,0),(63,'获取','获取','tag',NULL,1,0,0),(64,'目录','目录','tag',NULL,1,0,0),(65,'xyz','xyz','tag',NULL,1,0,0),(66,'url','url','tag',NULL,0,0,0),(67,'const','const','tag',NULL,0,0,0),(68,'response','response','tag',NULL,0,0,0),(69,'request','request','tag',NULL,0,0,0),(70,'域名','域名','tag',NULL,0,0,0),(71,'targeturl','targeturl','tag',NULL,0,0,0),(72,'newurl','newurl','tag',NULL,0,0,0),(73,'arts','arts','tag',NULL,0,0,0),(74,'request\'','request','tag',NULL,0,0,0),(75,'图床','图床','tag',NULL,2,0,0),(76,'直链','直链','tag',NULL,1,0,0),(77,'eind','eind','tag',NULL,1,0,0),(78,'cfw','cfw','tag',NULL,1,0,0),(79,'网盘','网盘','tag',NULL,1,0,0),(80,'免费','免费','tag',NULL,1,0,0),(81,'限速','限速','tag',NULL,1,0,0),(82,'空间','空间','tag',NULL,1,0,0),(83,'网站','网站','tag',NULL,1,0,0),(84,'handsome','handsome','tag',NULL,0,0,0),(85,'component','component','tag',NULL,0,0,0),(86,'定义','定义','tag',NULL,0,0,0),(87,'主题','主题','tag',NULL,0,0,0),(88,'console','console','tag',NULL,0,0,0),(89,'log','log','tag',NULL,0,0,0),(90,'function','function','tag',NULL,0,0,0),(91,'node','node','tag',NULL,0,0,0),(92,'res','res','tag',NULL,0,0,0),(93,'请求','请求','tag',NULL,0,0,0),(94,'err','err','tag',NULL,0,0,0),(95,'dns','dns','tag',NULL,0,0,0),(96,'chunks','chunks','tag',NULL,0,0,0),(97,'chunk','chunk','tag',NULL,0,0,0),(98,'let','let','tag',NULL,0,0,0),(99,'爬虫','爬虫','tag',NULL,0,0,0),(100,'驱动','驱动','tag',NULL,1,0,0),(101,'win10','win10','tag',NULL,1,0,0),(102,'ahci','ahci','tag',NULL,1,0,0),(103,'程序','程序','tag',NULL,1,0,0),(104,'卡顿','卡顿','tag',NULL,1,0,0),(105,'tracker','tracker','tag',NULL,1,0,0),(106,'设置','设置','tag',NULL,1,0,0),(107,'种子','种子','tag',NULL,1,0,0),(108,'bittorrent','bittorrent','tag',NULL,1,0,0);
/*!40000 ALTER TABLE `typecho_metas` ENABLE KEYS */;
UNLOCK TABLES;

--
-- Table structure for table `typecho_options`
--

DROP TABLE IF EXISTS `typecho_options`;
/*!40101 SET @saved_cs_client     = @@character_set_client */;
/*!40101 SET character_set_client = utf8 */;
CREATE TABLE `typecho_options` (
  `name` varchar(32) NOT NULL,
  `user` int(10) unsigned NOT NULL DEFAULT '0',
  `value` text,
  PRIMARY KEY (`name`,`user`)
) ENGINE=MyISAM DEFAULT CHARSET=utf8;
/*!40101 SET character_set_client = @saved_cs_client */;

--
-- Dumping data for table `typecho_options`
--

LOCK TABLES `typecho_options` WRITE;
/*!40000 ALTER TABLE `typecho_options` DISABLE KEYS */;
INSERT INTO `typecho_options` VALUES ('theme',0,'handsome'),('theme:handsome',0,'a:84:{s:10:\"indexsetup\";a:4:{i:0;s:10:\"header-fix\";i:1;s:9:\"aside-fix\";i:2;s:13:\"container-box\";i:3;s:9:\"BigAvatar\";}s:10:\"thumbStyle\";s:1:\"1\";s:9:\"themetype\";s:2:\"12\";s:13:\"themetypeEdit\";s:24:\"info dker-info dker-dark\";s:6:\"BGtype\";s:1:\"0\";s:7:\"bgcolor\";s:7:\"#EFEFEF\";s:14:\"bgcolor_mobile\";s:7:\"#EFEFEF\";s:12:\"GradientType\";s:1:\"3\";s:11:\"opcityColor\";s:0:\"\";s:16:\"ChromeThemeColor\";s:7:\"#3a3f51\";s:9:\"codeStyle\";s:2:\"vs\";s:12:\"postFontSize\";s:2:\"14\";s:9:\"IndexName\";s:14:\"Otaku - 阿宅\";s:13:\"indexNameIcon\";s:0:\"\";s:4:\"logo\";s:0:\"\";s:10:\"titleintro\";s:0:\"\";s:8:\"BlogName\";s:11:\"Otaku阿宅\";s:7:\"BlogJob\";s:27:\"一个毫无梦想的咸鱼\";s:10:\"Indexwords\";s:48:\"迷失的人迷失了，相逢的人会再相逢\";s:7:\"favicon\";s:0:\"\";s:7:\"BlogPic\";s:31:\"https://i.ibb.co/QYx3nmc/01.png\";s:10:\"blogNotice\";s:0:\"\";s:9:\"startTime\";s:10:\"2020-02-08\";s:15:\"clickAvatarLink\";s:0:\"\";s:14:\"numberOfBigPic\";s:3:\"200\";s:16:\"numberOfSmallPic\";s:2:\"80\";s:9:\"AlipayPic\";s:41:\"https://s2.ax1x.com/2019/07/20/ZzagBD.jpg\";s:9:\"WechatPic\";s:41:\"https://s2.ax1x.com/2019/07/20/ZzacnO.png\";s:7:\"payTips\";s:54:\"如果觉得我的文章对你有用，请随意赞赏\";s:10:\"asideItems\";s:261:\"{\"name\":\"Aria2\",\"feather\":\"arrow-down-circle\",\"link\":\"http://205.185.120.77:6080\"},\r\n{\"name\":\"Some Records\",\"feather\":\"bookmark\",\"link\":\"http://blog.nekoo.xyz/index.php/archives/38/\"},\r\n{\"name\":\"我的追番\",\"feather\":\"bookmark\",\"link\":\"http://v2.nekoc.xyz\"}\r\n\";s:11:\"headerItems\";s:0:\"\";s:14:\"open_new_world\";s:0:\"\";s:5:\"wheel\";s:0:\"\";s:7:\"timepic\";s:49:\"https://i.loli.net/2020/02/09/toMaqv8IOyS6m25.jpg\";s:5:\"about\";s:72:\"来自南部的一个小城市，个性不张扬，讨厌随波逐流。\";s:11:\"socialItems\";s:260:\"{\"name\":\"twitter\",\"class\":\"fontello fontello-twitter\",\"link\":\"#\"},\r\n{\"name\":\"facebook\",\"class\":\"fontello fontello-facebook\",\"link\":\"#\"},\r\n{\"name\":\"googlepluse\",\"class\":\"fontello fontello-google-plus\",\"link\":\"#\"},\r\n{\"name\":\"github\",\"status\":\"single\",\"link\":\"#\"}\";s:12:\"contactItems\";s:434:\"{\"name\":\"email\",\"img\":\"https://s2.ax1x.com/2019/07/20/ZzU1sO.png\",\"value\":\"你的邮箱地址\",\"link\":\"#\"},\r\n{\"name\":\"QQ\",\"img\":\"https://s2.ax1x.com/2019/07/20/ZzUlQK.png\",\"value\":\"你的QQ号\",\"link\":\"#\"},\r\n{\"name\":\"微博\",\"img\":\"https://s2.ax1x.com/2019/07/20/ZzUMz6.png\",\"value\":\"你微博账号\",\"link\":\"#\"},\r\n{\"name\":\"网易云音乐\",\"img\":\"https://s2.ax1x.com/2019/07/20/ZzU3LD.png\",\"value\":\"你的网易云账号\",\"link\":\"#\"}\";s:9:\"time_code\";s:9:\"934692680\";s:8:\"rssItems\";s:0:\"\";s:11:\"timeHistory\";s:1:\"2\";s:13:\"commentChoice\";s:1:\"0\";s:15:\"commentPosition\";s:6:\"bottom\";s:11:\"commentTips\";s:111:\"使用cookie技术保留您的个人信息以便您下次快速评论，继续评论表示您已同意该条款\";s:17:\"commentBackground\";s:65:\"https://ae01.alicdn.com/kf/H93c9ab618b86404199a54f8b12b19289d.png\";s:13:\"defaultAvator\";s:0:\"\";s:14:\"ChangyanAppKey\";s:0:\"\";s:12:\"ChangyanConf\";s:0:\"\";s:12:\"featuresetup\";a:10:{i:0;s:6:\"isPjax\";i:1;s:18:\"payforauthorinpost\";i:2;s:11:\"laodthefont\";i:3;s:12:\"smoothscroll\";i:4;s:11:\"ajaxComment\";i:5;s:8:\"tocThree\";i:6;s:14:\"FixedImageSize\";i:7;s:9:\"emailToQQ\";i:8;s:14:\"hightlightcode\";i:9;s:14:\"isOtherAnimate\";}s:14:\"markdownExtend\";N;s:15:\"RandomPicChoice\";s:1:\"2\";s:16:\"hotPostOrderType\";s:11:\"commentsNum\";s:13:\"playerSetting\";N;s:15:\"resolveMusicWay\";s:1:\"0\";s:8:\"musicUrl\";s:46:\"https://y.qq.com/n/yqq/playlist/888233349.html\";s:18:\"customMusicContent\";s:0:\"\";s:8:\"language\";s:4:\"auto\";s:11:\"pjaxAnimate\";s:7:\"default\";s:23:\"pjaxCusomterAnimateHtml\";s:0:\"\";s:22:\"pjaxCusomterAnimateCSS\";s:0:\"\";s:15:\"isPjaxShowMatte\";s:1:\"1\";s:12:\"whiteOpacity\";s:3:\"0.4\";s:11:\"isPjaxToTop\";s:1:\"0\";s:10:\"toTopSpeed\";s:3:\"100\";s:13:\"progressColor\";s:7:\"#000000\";s:12:\"ChangeAction\";s:0:\"\";s:7:\"cdn_add\";s:0:\"\";s:16:\"LocalResourceSrc\";s:0:\"\";s:12:\"cloudOptions\";N;s:15:\"imagePostSuffix\";s:0:\"\";s:15:\"publicCDNSelcet\";s:1:\"6\";s:11:\"dnsPrefetch\";s:0:\"\";s:6:\"CDNURL\";s:34:\"https://secure.gravatar.com/avatar\";s:14:\"BottomleftInfo\";s:0:\"\";s:10:\"BottomInfo\";s:0:\"\";s:9:\"customCss\";s:4988:\" html.bg {\r\n                   background-image:\r\n               -moz-radial-gradient(-20% 140%, ellipse ,  rgba(143,192,193,.6) 30%,rgba(255,255,227,0) 50%),\r\n               -moz-radial-gradient(60% 40%,ellipse,   #d9e3e5 10%,rgba(44,70,76,.0) 60%),\r\n               -moz-linear-gradient(-45deg,  rgba(143,181,158,.8) -10%,rgba(213,232,211,.8) 80% )\r\n           ;\r\n           background-image:\r\n               -o-radial-gradient(-20% 140%, ellipse ,  rgba(143,192,193,.6) 30%,rgba(255,255,227,0) 50%),\r\n               -o-radial-gradient(60% 40%,ellipse,   #d9e3e5 10%,rgba(44,70,76,.0) 60%),\r\n               -o-linear-gradient(-45deg,  rgba(143,181,158,.8) -10%,rgba(213,232,211,.8) 80% )\r\n           ;\r\n           background-image:\r\n               -ms-radial-gradient(-20% 140%, ellipse ,  rgba(143,192,193,.6) 30%,rgba(255,255,227,0) 50%),\r\n               -ms-radial-gradient(60% 40%,ellipse,   #d9e3e5 10%,rgba(44,70,76,.0) 60%),\r\n               -ms-linear-gradient(-45deg,  rgba(143,181,158,.8) -10%,rgba(213,232,211,.8) 80% )\r\n           ;\r\n           background-image:\r\n               -webkit-radial-gradient(-20% 140%, ellipse ,  rgba(143,192,193,.6) 30%,rgba(255,255,227,0) 50%),\r\n               -webkit-radial-gradient(60% 40%,ellipse,   #d9e3e5 10%,rgba(44,70,76,.0) 60%),\r\n               -webkit-linear-gradient(-45deg,  rgba(143,181,158,.8) -10%,rgba(213,232,211,.8) 80% )\r\n               ;\r\n        }\r\n        .cool-transparent .off-screen+* .app-content-body {\r\n                   background-image:\r\n               -moz-radial-gradient(-20% 140%, ellipse ,  rgba(143,192,193,.6) 30%,rgba(255,255,227,0) 50%),\r\n               -moz-radial-gradient(60% 40%,ellipse,   #d9e3e5 10%,rgba(44,70,76,.0) 60%),\r\n               -moz-linear-gradient(-45deg,  rgba(143,181,158,.8) -10%,rgba(213,232,211,.8) 80% )\r\n           ;\r\n           background-image:\r\n               -o-radial-gradient(-20% 140%, ellipse ,  rgba(143,192,193,.6) 30%,rgba(255,255,227,0) 50%),\r\n               -o-radial-gradient(60% 40%,ellipse,   #d9e3e5 10%,rgba(44,70,76,.0) 60%),\r\n               -o-linear-gradient(-45deg,  rgba(143,181,158,.8) -10%,rgba(213,232,211,.8) 80% )\r\n           ;\r\n           background-image:\r\n               -ms-radial-gradient(-20% 140%, ellipse ,  rgba(143,192,193,.6) 30%,rgba(255,255,227,0) 50%),\r\n               -ms-radial-gradient(60% 40%,ellipse,   #d9e3e5 10%,rgba(44,70,76,.0) 60%),\r\n               -ms-linear-gradient(-45deg,  rgba(143,181,158,.8) -10%,rgba(213,232,211,.8) 80% )\r\n           ;\r\n           background-image:\r\n               -webkit-radial-gradient(-20% 140%, ellipse ,  rgba(143,192,193,.6) 30%,rgba(255,255,227,0) 50%),\r\n               -webkit-radial-gradient(60% 40%,ellipse,   #d9e3e5 10%,rgba(44,70,76,.0) 60%),\r\n               -webkit-linear-gradient(-45deg,  rgba(143,181,158,.8) -10%,rgba(213,232,211,.8) 80% )\r\n               ;\r\n        }\r\n@media (max-width:767px){\r\n    html.bg {\r\n        \r\n        }\r\n        .cool-transparent .off-screen+* .app-content-body {\r\n        \r\n        }\r\n}\r\n/*首页文章版式圆角化*/\r\n/*.panel{\r\n    border: none;\r\n    border-radius: 15px;\r\n}\r\n\r\n.panel-small{\r\n    border: none;\r\n    border-radius: 15px;\r\n}\r\n\r\n.item-thumb{\r\n    border-radius: 15px;  \r\n}\r\n*/\r\n/*首页文章图片获取焦点放大*/\r\n.item-thumb{\r\n    cursor: pointer;  \r\n    transition: all 0.6s;  \r\n}\r\n\r\n.item-thumb:hover{\r\n      transform: scale(1.05);  \r\n}\r\n\r\n.item-thumb-small{\r\n    cursor: pointer;  \r\n    transition: all 0.6s;\r\n}\r\n\r\n.item-thumb-small:hover{\r\n    transform: scale(1.05);\r\n}\r\n \r\n/*首页头像自动旋转*/\r\n.thumb-lg{\r\n    width:130px;\r\n}\r\n\r\n.avatar{\r\n    -webkit-transition: 0.4s;\r\n    -webkit-transition: -webkit-transform 0.4s ease-out;\r\n    transition: transform 0.4s ease-out;\r\n    -moz-transition: -moz-transform 0.4s ease-out; \r\n}\r\n\r\n.avatar:hover{\r\n    transform: rotateZ(360deg);\r\n    -webkit-transform: rotateZ(360deg);\r\n    -moz-transform: rotateZ(360deg);\r\n}\r\n\r\n#aside-user span.avatar{\r\n    animation-timing-function:cubic-bezier(0,0,.07,1)!important;\r\n    border:0 solid\r\n}\r\n\r\n#aside-user span.avatar:hover{\r\n    transform:rotate(360deg) scale(1.2);\r\n    border-width:5px;\r\n    animation:avatar .5s\r\n}\r\n\r\n/*panel阴影*/\r\n.panel{\r\n   box-shadow: 1px 1px 5px 5px rgba(17, 150, 196, 0.35);\r\n    -moz-box-shadow: 1px 1px 5px 5px rgba(17, 150, 196, 0.35);\r\n}\r\n\r\n.panel:hover{\r\n    box-shadow: 1px 1px 5px 5px rgba(17, 150, 196, 0.35);\r\n    -moz-box-shadow: 1px 1px 5px 5px rgba(17, 150, 196, 0.35);\r\n}\r\n\r\n.panel-small{\r\n    box-shadow: 1px 1px 5px 5px rgba(17, 150, 196, 0.35);\r\n    -moz-box-shadow: 1px 1px 5px 5px rgba(17, 150, 196, 0.35);\r\n}\r\n\r\n.panel-small:hover{\r\n    box-shadow: 1px 1px 5px 5px rgba(17, 150, 196, 0.35);\r\n    -moz-box-shadow: 1px 1px 5px 5px rgba(17, 150, 196, 0.35);\r\n}\r\n\r\n.app.container {\r\n    box-shadow: 0 0 30px rgba(17, 150, 196, 0.35);\r\n\r\n\r\n/*首页文章a标签颜色渐变*/\r\n.index-post-title a:hover{\r\n     color:rgba(107, 209, 255, 1);\r\n     transition:color 0.2s linear\r\n}   \";s:8:\"customJs\";s:0:\"\";s:8:\"analysis\";s:0:\"\";s:10:\"bottomHtml\";s:0:\"\";s:14:\"indexCountDown\";s:0:\"\";s:16:\"adContentSidebar\";s:0:\"\";s:13:\"adContentPost\";s:0:\"\";s:13:\"adContentPage\";s:0:\"\";s:12:\"asideSetting\";N;s:14:\"sidebarSetting\";N;}'),('timezone',0,'28800'),('lang',0,NULL),('charset',0,'UTF-8'),('contentType',0,'text/html'),('gzip',0,'0'),('generator',0,'Typecho 1.2/18.1.29'),('title',0,'Otaku - 阿宅'),('description',0,'一条咸鱼的博客'),('keywords',0,'typecho,php,blog'),('rewrite',0,'0'),('frontPage',0,'recent'),('frontArchive',0,'0'),('commentsRequireMail',0,'1'),('commentsWhitelist',0,'0'),('commentsRequireURL',0,'0'),('commentsRequireModeration',0,'0'),('plugins',0,'a:2:{s:9:\"activated\";a:5:{s:8:\"Handsome\";a:1:{s:7:\"handles\";a:9:{s:34:\"Widget_Abstract_Contents:contentEx\";a:2:{i:0;a:2:{i:0;s:15:\"Handsome_Plugin\";i:1;s:5:\"parse\";}i:1;a:2:{i:0;s:15:\"Handsome_Plugin\";i:1;s:10:\"exceptFeed\";}}s:34:\"Widget_Abstract_Contents:excerptEx\";a:2:{i:0;a:2:{i:0;s:15:\"Handsome_Plugin\";i:1;s:5:\"parse\";}i:1;a:2:{i:0;s:15:\"Handsome_Plugin\";i:1;s:10:\"exceptFeed\";}}s:34:\"Widget_Abstract_Comments:contentEx\";a:1:{i:0;a:2:{i:0;s:15:\"Handsome_Plugin\";i:1;s:5:\"parse\";}}s:26:\"Widget_Archive:indexHandle\";a:2:{i:0;a:2:{i:0;s:15:\"Handsome_Plugin\";i:1;s:6:\"sticky\";}i:1;a:2:{i:0;s:15:\"Handsome_Plugin\";i:1;s:10:\"CateFilter\";}}s:21:\"Widget_Archive:footer\";a:1:{i:0;a:2:{i:0;s:15:\"Handsome_Plugin\";i:1;s:6:\"footer\";}}s:39:\"Widget_Contents_Post_Edit:finishPublish\";a:1:{i:0;a:2:{i:0;s:15:\"Handsome_Plugin\";i:1;s:16:\"buildSearchIndex\";}}s:38:\"Widget_Contents_Post_Edit:finishDelete\";a:1:{i:0;a:2:{i:0;s:15:\"Handsome_Plugin\";i:1;s:16:\"buildSearchIndex\";}}s:39:\"Widget_Contents_Page_Edit:finishPublish\";a:1:{i:0;a:2:{i:0;s:15:\"Handsome_Plugin\";i:1;s:16:\"buildSearchIndex\";}}s:38:\"Widget_Contents_Page_Edit:finishDelete\";a:1:{i:0;a:2:{i:0;s:15:\"Handsome_Plugin\";i:1;s:16:\"buildSearchIndex\";}}}}s:8:\"EditorMD\";a:1:{s:7:\"handles\";a:5:{s:31:\"admin/write-post.php:richEditor\";a:1:{i:0;a:2:{i:0;s:15:\"EditorMD_Plugin\";i:1;s:6:\"Editor\";}}s:31:\"admin/write-page.php:richEditor\";a:1:{i:0;a:2:{i:0;s:15:\"EditorMD_Plugin\";i:1;s:6:\"Editor\";}}s:32:\"Widget_Abstract_Contents:content\";a:1:{i:0;a:2:{i:0;s:15:\"EditorMD_Plugin\";i:1;s:7:\"content\";}}s:32:\"Widget_Abstract_Contents:excerpt\";a:1:{i:0;a:2:{i:0;s:15:\"EditorMD_Plugin\";i:1;s:7:\"content\";}}s:21:\"Widget_Archive:footer\";a:1:{i:0;a:2:{i:0;s:15:\"EditorMD_Plugin\";i:1;s:8:\"footerJS\";}}}}s:8:\"AutoTags\";a:1:{s:7:\"handles\";a:1:{s:31:\"Widget_Contents_Post_Edit:write\";a:1:{i:0;a:2:{i:0;s:15:\"AutoTags_Plugin\";i:1;s:5:\"write\";}}}}s:13:\"LoveKKComment\";a:1:{s:7:\"handles\";a:6:{s:29:\"Widget_Feedback:finishComment\";a:1:{i:0;a:2:{i:0;s:20:\"LoveKKComment_Plugin\";i:1;s:9:\"doComment\";}}s:34:\"Widget_Comments_Edit:finishComment\";a:1:{i:0;a:2:{i:0;s:20:\"LoveKKComment_Plugin\";i:1;s:9:\"doComment\";}}s:25:\"Widget_Comments_Edit:mark\";a:1:{i:0;a:2:{i:0;s:20:\"LoveKKComment_Plugin\";i:1;s:10:\"doApproved\";}}s:23:\"Widget_Service:sendMail\";a:1:{i:0;a:2:{i:0;s:20:\"LoveKKComment_Plugin\";i:1;s:8:\"sendMail\";}}s:28:\"Widget_Service:asyncApproved\";a:1:{i:0;a:2:{i:0;s:20:\"LoveKKComment_Plugin\";i:1;s:13:\"asyncApproved\";}}s:20:\"admin/footer.php:end\";a:1:{i:0;a:2:{i:0;s:20:\"LoveKKComment_Plugin\";i:1;s:10:\"forgetLink\";}}}}s:9:\"Copyright\";a:1:{s:7:\"handles\";a:1:{s:34:\"Widget_Abstract_Contents:contentEx\";a:1:{i:0;a:2:{i:0;s:16:\"Copyright_Plugin\";i:1;s:9:\"Copyright\";}}}}}s:7:\"handles\";a:20:{s:34:\"Widget_Abstract_Contents:contentEx\";a:3:{i:0;a:2:{i:0;s:15:\"Handsome_Plugin\";i:1;s:5:\"parse\";}s:5:\"0.001\";a:2:{i:0;s:15:\"Handsome_Plugin\";i:1;s:10:\"exceptFeed\";}s:5:\"0.002\";a:2:{i:0;s:16:\"Copyright_Plugin\";i:1;s:9:\"Copyright\";}}s:34:\"Widget_Abstract_Contents:excerptEx\";a:2:{i:0;a:2:{i:0;s:15:\"Handsome_Plugin\";i:1;s:5:\"parse\";}s:5:\"0.001\";a:2:{i:0;s:15:\"Handsome_Plugin\";i:1;s:10:\"exceptFeed\";}}s:34:\"Widget_Abstract_Comments:contentEx\";a:1:{i:0;a:2:{i:0;s:15:\"Handsome_Plugin\";i:1;s:5:\"parse\";}}s:26:\"Widget_Archive:indexHandle\";a:2:{i:0;a:2:{i:0;s:15:\"Handsome_Plugin\";i:1;s:6:\"sticky\";}s:5:\"0.001\";a:2:{i:0;s:15:\"Handsome_Plugin\";i:1;s:10:\"CateFilter\";}}s:21:\"Widget_Archive:footer\";a:2:{i:0;a:2:{i:0;s:15:\"Handsome_Plugin\";i:1;s:6:\"footer\";}s:5:\"0.001\";a:2:{i:0;s:15:\"EditorMD_Plugin\";i:1;s:8:\"footerJS\";}}s:39:\"Widget_Contents_Post_Edit:finishPublish\";a:1:{i:0;a:2:{i:0;s:15:\"Handsome_Plugin\";i:1;s:16:\"buildSearchIndex\";}}s:38:\"Widget_Contents_Post_Edit:finishDelete\";a:1:{i:0;a:2:{i:0;s:15:\"Handsome_Plugin\";i:1;s:16:\"buildSearchIndex\";}}s:39:\"Widget_Contents_Page_Edit:finishPublish\";a:1:{i:0;a:2:{i:0;s:15:\"Handsome_Plugin\";i:1;s:16:\"buildSearchIndex\";}}s:38:\"Widget_Contents_Page_Edit:finishDelete\";a:1:{i:0;a:2:{i:0;s:15:\"Handsome_Plugin\";i:1;s:16:\"buildSearchIndex\";}}s:31:\"admin/write-post.php:richEditor\";a:1:{i:0;a:2:{i:0;s:15:\"EditorMD_Plugin\";i:1;s:6:\"Editor\";}}s:31:\"admin/write-page.php:richEditor\";a:1:{i:0;a:2:{i:0;s:15:\"EditorMD_Plugin\";i:1;s:6:\"Editor\";}}s:32:\"Widget_Abstract_Contents:content\";a:1:{i:0;a:2:{i:0;s:15:\"EditorMD_Plugin\";i:1;s:7:\"content\";}}s:32:\"Widget_Abstract_Contents:excerpt\";a:1:{i:0;a:2:{i:0;s:15:\"EditorMD_Plugin\";i:1;s:7:\"content\";}}s:31:\"Widget_Contents_Post_Edit:write\";a:1:{i:0;a:2:{i:0;s:15:\"AutoTags_Plugin\";i:1;s:5:\"write\";}}s:29:\"Widget_Feedback:finishComment\";a:1:{i:0;a:2:{i:0;s:20:\"LoveKKComment_Plugin\";i:1;s:9:\"doComment\";}}s:34:\"Widget_Comments_Edit:finishComment\";a:1:{i:0;a:2:{i:0;s:20:\"LoveKKComment_Plugin\";i:1;s:9:\"doComment\";}}s:25:\"Widget_Comments_Edit:mark\";a:1:{i:0;a:2:{i:0;s:20:\"LoveKKComment_Plugin\";i:1;s:10:\"doApproved\";}}s:23:\"Widget_Service:sendMail\";a:1:{i:0;a:2:{i:0;s:20:\"LoveKKComment_Plugin\";i:1;s:8:\"sendMail\";}}s:28:\"Widget_Service:asyncApproved\";a:1:{i:0;a:2:{i:0;s:20:\"LoveKKComment_Plugin\";i:1;s:13:\"asyncApproved\";}}s:20:\"admin/footer.php:end\";a:1:{i:0;a:2:{i:0;s:20:\"LoveKKComment_Plugin\";i:1;s:10:\"forgetLink\";}}}}'),('commentDateFormat',0,'F jS, Y \\a\\t h:i a'),('siteUrl',0,'http://blog.nekoo.xyz'),('defaultCategory',0,'1'),('allowRegister',0,'0'),('defaultAllowComment',0,'1'),('defaultAllowPing',0,'1'),('defaultAllowFeed',0,'1'),('pageSize',0,'5'),('postsListSize',0,'10'),('commentsListSize',0,'10'),('commentsHTMLTagAllowed',0,NULL),('postDateFormat',0,'Y-m-d'),('feedFullText',0,'1'),('editorSize',0,'350'),('autoSave',0,'0'),('markdown',0,'1'),('xmlrpcMarkdown',0,'0'),('commentsMaxNestingLevels',0,'5'),('commentsPostTimeout',0,'2592000'),('commentsUrlNofollow',0,'1'),('commentsShowUrl',0,'1'),('commentsMarkdown',0,'1'),('commentsPageBreak',0,'1'),('commentsThreaded',0,'1'),('commentsPageSize',0,'20'),('commentsPageDisplay',0,'last'),('commentsOrder',0,'ASC'),('commentsCheckReferer',0,'1'),('commentsAutoClose',0,'0'),('commentsPostIntervalEnable',0,'1'),('commentsPostInterval',0,'60'),('commentsShowCommentOnly',0,'0'),('commentsAvatar',0,'1'),('commentsAvatarRating',0,'G'),('commentsAntiSpam',0,'1'),('routingTable',0,'a:28:{i:0;a:27:{s:5:\"index\";a:6:{s:3:\"url\";s:1:\"/\";s:6:\"widget\";s:14:\"Widget_Archive\";s:6:\"action\";s:6:\"render\";s:4:\"regx\";s:8:\"|^[/]?$|\";s:6:\"format\";s:1:\"/\";s:6:\"params\";a:0:{}}s:7:\"archive\";a:6:{s:3:\"url\";s:6:\"/blog/\";s:6:\"widget\";s:14:\"Widget_Archive\";s:6:\"action\";s:6:\"render\";s:4:\"regx\";s:13:\"|^/blog[/]?$|\";s:6:\"format\";s:6:\"/blog/\";s:6:\"params\";a:0:{}}s:2:\"do\";a:6:{s:3:\"url\";s:22:\"/action/[action:alpha]\";s:6:\"widget\";s:9:\"Widget_Do\";s:6:\"action\";s:6:\"action\";s:4:\"regx\";s:32:\"|^/action/([_0-9a-zA-Z-]+)[/]?$|\";s:6:\"format\";s:10:\"/action/%s\";s:6:\"params\";a:1:{i:0;s:6:\"action\";}}s:4:\"post\";a:6:{s:3:\"url\";s:24:\"/archives/[cid:digital]/\";s:6:\"widget\";s:14:\"Widget_Archive\";s:6:\"action\";s:6:\"render\";s:4:\"regx\";s:26:\"|^/archives/([0-9]+)[/]?$|\";s:6:\"format\";s:13:\"/archives/%s/\";s:6:\"params\";a:1:{i:0;s:3:\"cid\";}}s:10:\"attachment\";a:6:{s:3:\"url\";s:26:\"/attachment/[cid:digital]/\";s:6:\"widget\";s:14:\"Widget_Archive\";s:6:\"action\";s:6:\"render\";s:4:\"regx\";s:28:\"|^/attachment/([0-9]+)[/]?$|\";s:6:\"format\";s:15:\"/attachment/%s/\";s:6:\"params\";a:1:{i:0;s:3:\"cid\";}}s:8:\"category\";a:6:{s:3:\"url\";s:17:\"/category/[slug]/\";s:6:\"widget\";s:14:\"Widget_Archive\";s:6:\"action\";s:6:\"render\";s:4:\"regx\";s:25:\"|^/category/([^/]+)[/]?$|\";s:6:\"format\";s:13:\"/category/%s/\";s:6:\"params\";a:1:{i:0;s:4:\"slug\";}}s:3:\"tag\";a:6:{s:3:\"url\";s:12:\"/tag/[slug]/\";s:6:\"widget\";s:14:\"Widget_Archive\";s:6:\"action\";s:6:\"render\";s:4:\"regx\";s:20:\"|^/tag/([^/]+)[/]?$|\";s:6:\"format\";s:8:\"/tag/%s/\";s:6:\"params\";a:1:{i:0;s:4:\"slug\";}}s:6:\"author\";a:6:{s:3:\"url\";s:22:\"/author/[uid:digital]/\";s:6:\"widget\";s:14:\"Widget_Archive\";s:6:\"action\";s:6:\"render\";s:4:\"regx\";s:24:\"|^/author/([0-9]+)[/]?$|\";s:6:\"format\";s:11:\"/author/%s/\";s:6:\"params\";a:1:{i:0;s:3:\"uid\";}}s:6:\"search\";a:6:{s:3:\"url\";s:19:\"/search/[keywords]/\";s:6:\"widget\";s:14:\"Widget_Archive\";s:6:\"action\";s:6:\"render\";s:4:\"regx\";s:23:\"|^/search/([^/]+)[/]?$|\";s:6:\"format\";s:11:\"/search/%s/\";s:6:\"params\";a:1:{i:0;s:8:\"keywords\";}}s:10:\"index_page\";a:6:{s:3:\"url\";s:21:\"/page/[page:digital]/\";s:6:\"widget\";s:14:\"Widget_Archive\";s:6:\"action\";s:6:\"render\";s:4:\"regx\";s:22:\"|^/page/([0-9]+)[/]?$|\";s:6:\"format\";s:9:\"/page/%s/\";s:6:\"params\";a:1:{i:0;s:4:\"page\";}}s:12:\"archive_page\";a:6:{s:3:\"url\";s:26:\"/blog/page/[page:digital]/\";s:6:\"widget\";s:14:\"Widget_Archive\";s:6:\"action\";s:6:\"render\";s:4:\"regx\";s:27:\"|^/blog/page/([0-9]+)[/]?$|\";s:6:\"format\";s:14:\"/blog/page/%s/\";s:6:\"params\";a:1:{i:0;s:4:\"page\";}}s:13:\"category_page\";a:6:{s:3:\"url\";s:32:\"/category/[slug]/[page:digital]/\";s:6:\"widget\";s:14:\"Widget_Archive\";s:6:\"action\";s:6:\"render\";s:4:\"regx\";s:34:\"|^/category/([^/]+)/([0-9]+)[/]?$|\";s:6:\"format\";s:16:\"/category/%s/%s/\";s:6:\"params\";a:2:{i:0;s:4:\"slug\";i:1;s:4:\"page\";}}s:8:\"tag_page\";a:6:{s:3:\"url\";s:27:\"/tag/[slug]/[page:digital]/\";s:6:\"widget\";s:14:\"Widget_Archive\";s:6:\"action\";s:6:\"render\";s:4:\"regx\";s:29:\"|^/tag/([^/]+)/([0-9]+)[/]?$|\";s:6:\"format\";s:11:\"/tag/%s/%s/\";s:6:\"params\";a:2:{i:0;s:4:\"slug\";i:1;s:4:\"page\";}}s:11:\"author_page\";a:6:{s:3:\"url\";s:37:\"/author/[uid:digital]/[page:digital]/\";s:6:\"widget\";s:14:\"Widget_Archive\";s:6:\"action\";s:6:\"render\";s:4:\"regx\";s:33:\"|^/author/([0-9]+)/([0-9]+)[/]?$|\";s:6:\"format\";s:14:\"/author/%s/%s/\";s:6:\"params\";a:2:{i:0;s:3:\"uid\";i:1;s:4:\"page\";}}s:11:\"search_page\";a:6:{s:3:\"url\";s:34:\"/search/[keywords]/[page:digital]/\";s:6:\"widget\";s:14:\"Widget_Archive\";s:6:\"action\";s:6:\"render\";s:4:\"regx\";s:32:\"|^/search/([^/]+)/([0-9]+)[/]?$|\";s:6:\"format\";s:14:\"/search/%s/%s/\";s:6:\"params\";a:2:{i:0;s:8:\"keywords\";i:1;s:4:\"page\";}}s:12:\"archive_year\";a:6:{s:3:\"url\";s:18:\"/[year:digital:4]/\";s:6:\"widget\";s:14:\"Widget_Archive\";s:6:\"action\";s:6:\"render\";s:4:\"regx\";s:19:\"|^/([0-9]{4})[/]?$|\";s:6:\"format\";s:4:\"/%s/\";s:6:\"params\";a:1:{i:0;s:4:\"year\";}}s:13:\"archive_month\";a:6:{s:3:\"url\";s:36:\"/[year:digital:4]/[month:digital:2]/\";s:6:\"widget\";s:14:\"Widget_Archive\";s:6:\"action\";s:6:\"render\";s:4:\"regx\";s:30:\"|^/([0-9]{4})/([0-9]{2})[/]?$|\";s:6:\"format\";s:7:\"/%s/%s/\";s:6:\"params\";a:2:{i:0;s:4:\"year\";i:1;s:5:\"month\";}}s:11:\"archive_day\";a:6:{s:3:\"url\";s:52:\"/[year:digital:4]/[month:digital:2]/[day:digital:2]/\";s:6:\"widget\";s:14:\"Widget_Archive\";s:6:\"action\";s:6:\"render\";s:4:\"regx\";s:41:\"|^/([0-9]{4})/([0-9]{2})/([0-9]{2})[/]?$|\";s:6:\"format\";s:10:\"/%s/%s/%s/\";s:6:\"params\";a:3:{i:0;s:4:\"year\";i:1;s:5:\"month\";i:2;s:3:\"day\";}}s:17:\"archive_year_page\";a:6:{s:3:\"url\";s:38:\"/[year:digital:4]/page/[page:digital]/\";s:6:\"widget\";s:14:\"Widget_Archive\";s:6:\"action\";s:6:\"render\";s:4:\"regx\";s:33:\"|^/([0-9]{4})/page/([0-9]+)[/]?$|\";s:6:\"format\";s:12:\"/%s/page/%s/\";s:6:\"params\";a:2:{i:0;s:4:\"year\";i:1;s:4:\"page\";}}s:18:\"archive_month_page\";a:6:{s:3:\"url\";s:56:\"/[year:digital:4]/[month:digital:2]/page/[page:digital]/\";s:6:\"widget\";s:14:\"Widget_Archive\";s:6:\"action\";s:6:\"render\";s:4:\"regx\";s:44:\"|^/([0-9]{4})/([0-9]{2})/page/([0-9]+)[/]?$|\";s:6:\"format\";s:15:\"/%s/%s/page/%s/\";s:6:\"params\";a:3:{i:0;s:4:\"year\";i:1;s:5:\"month\";i:2;s:4:\"page\";}}s:16:\"archive_day_page\";a:6:{s:3:\"url\";s:72:\"/[year:digital:4]/[month:digital:2]/[day:digital:2]/page/[page:digital]/\";s:6:\"widget\";s:14:\"Widget_Archive\";s:6:\"action\";s:6:\"render\";s:4:\"regx\";s:55:\"|^/([0-9]{4})/([0-9]{2})/([0-9]{2})/page/([0-9]+)[/]?$|\";s:6:\"format\";s:18:\"/%s/%s/%s/page/%s/\";s:6:\"params\";a:4:{i:0;s:4:\"year\";i:1;s:5:\"month\";i:2;s:3:\"day\";i:3;s:4:\"page\";}}s:12:\"comment_page\";a:6:{s:3:\"url\";s:53:\"[permalink:string]/comment-page-[commentPage:digital]\";s:6:\"widget\";s:14:\"Widget_Archive\";s:6:\"action\";s:6:\"render\";s:4:\"regx\";s:36:\"|^(.+)/comment\\-page\\-([0-9]+)[/]?$|\";s:6:\"format\";s:18:\"%s/comment-page-%s\";s:6:\"params\";a:2:{i:0;s:9:\"permalink\";i:1;s:11:\"commentPage\";}}s:4:\"feed\";a:6:{s:3:\"url\";s:20:\"/feed[feed:string:0]\";s:6:\"widget\";s:14:\"Widget_Archive\";s:6:\"action\";s:4:\"feed\";s:4:\"regx\";s:17:\"|^/feed(.*)[/]?$|\";s:6:\"format\";s:7:\"/feed%s\";s:6:\"params\";a:1:{i:0;s:4:\"feed\";}}s:8:\"feedback\";a:6:{s:3:\"url\";s:31:\"[permalink:string]/[type:alpha]\";s:6:\"widget\";s:15:\"Widget_Feedback\";s:6:\"action\";s:6:\"action\";s:4:\"regx\";s:29:\"|^(.+)/([_0-9a-zA-Z-]+)[/]?$|\";s:6:\"format\";s:5:\"%s/%s\";s:6:\"params\";a:2:{i:0;s:9:\"permalink\";i:1;s:4:\"type\";}}s:4:\"page\";a:6:{s:3:\"url\";s:12:\"/[slug].html\";s:6:\"widget\";s:14:\"Widget_Archive\";s:6:\"action\";s:6:\"render\";s:4:\"regx\";s:22:\"|^/([^/]+)\\.html[/]?$|\";s:6:\"format\";s:8:\"/%s.html\";s:6:\"params\";a:1:{i:0;s:4:\"slug\";}}s:20:\"lovekkcomment_forget\";a:6:{s:3:\"url\";s:21:\"/lovekkcomment/forget\";s:6:\"widget\";s:20:\"LoveKKComment_Action\";s:6:\"action\";s:6:\"forget\";s:4:\"regx\";s:29:\"|^/lovekkcomment/forget[/]?$|\";s:6:\"format\";s:21:\"/lovekkcomment/forget\";s:6:\"params\";a:0:{}}s:19:\"lovekkcomment_reset\";a:6:{s:3:\"url\";s:20:\"/lovekkcomment/reset\";s:6:\"widget\";s:20:\"LoveKKCOmment_Action\";s:6:\"action\";s:5:\"reset\";s:4:\"regx\";s:28:\"|^/lovekkcomment/reset[/]?$|\";s:6:\"format\";s:20:\"/lovekkcomment/reset\";s:6:\"params\";a:0:{}}}s:5:\"index\";a:3:{s:3:\"url\";s:1:\"/\";s:6:\"widget\";s:14:\"Widget_Archive\";s:6:\"action\";s:6:\"render\";}s:7:\"archive\";a:3:{s:3:\"url\";s:6:\"/blog/\";s:6:\"widget\";s:14:\"Widget_Archive\";s:6:\"action\";s:6:\"render\";}s:2:\"do\";a:3:{s:3:\"url\";s:22:\"/action/[action:alpha]\";s:6:\"widget\";s:9:\"Widget_Do\";s:6:\"action\";s:6:\"action\";}s:4:\"post\";a:3:{s:3:\"url\";s:24:\"/archives/[cid:digital]/\";s:6:\"widget\";s:14:\"Widget_Archive\";s:6:\"action\";s:6:\"render\";}s:10:\"attachment\";a:3:{s:3:\"url\";s:26:\"/attachment/[cid:digital]/\";s:6:\"widget\";s:14:\"Widget_Archive\";s:6:\"action\";s:6:\"render\";}s:8:\"category\";a:3:{s:3:\"url\";s:17:\"/category/[slug]/\";s:6:\"widget\";s:14:\"Widget_Archive\";s:6:\"action\";s:6:\"render\";}s:3:\"tag\";a:3:{s:3:\"url\";s:12:\"/tag/[slug]/\";s:6:\"widget\";s:14:\"Widget_Archive\";s:6:\"action\";s:6:\"render\";}s:6:\"author\";a:3:{s:3:\"url\";s:22:\"/author/[uid:digital]/\";s:6:\"widget\";s:14:\"Widget_Archive\";s:6:\"action\";s:6:\"render\";}s:6:\"search\";a:3:{s:3:\"url\";s:19:\"/search/[keywords]/\";s:6:\"widget\";s:14:\"Widget_Archive\";s:6:\"action\";s:6:\"render\";}s:10:\"index_page\";a:3:{s:3:\"url\";s:21:\"/page/[page:digital]/\";s:6:\"widget\";s:14:\"Widget_Archive\";s:6:\"action\";s:6:\"render\";}s:12:\"archive_page\";a:3:{s:3:\"url\";s:26:\"/blog/page/[page:digital]/\";s:6:\"widget\";s:14:\"Widget_Archive\";s:6:\"action\";s:6:\"render\";}s:13:\"category_page\";a:3:{s:3:\"url\";s:32:\"/category/[slug]/[page:digital]/\";s:6:\"widget\";s:14:\"Widget_Archive\";s:6:\"action\";s:6:\"render\";}s:8:\"tag_page\";a:3:{s:3:\"url\";s:27:\"/tag/[slug]/[page:digital]/\";s:6:\"widget\";s:14:\"Widget_Archive\";s:6:\"action\";s:6:\"render\";}s:11:\"author_page\";a:3:{s:3:\"url\";s:37:\"/author/[uid:digital]/[page:digital]/\";s:6:\"widget\";s:14:\"Widget_Archive\";s:6:\"action\";s:6:\"render\";}s:11:\"search_page\";a:3:{s:3:\"url\";s:34:\"/search/[keywords]/[page:digital]/\";s:6:\"widget\";s:14:\"Widget_Archive\";s:6:\"action\";s:6:\"render\";}s:12:\"archive_year\";a:3:{s:3:\"url\";s:18:\"/[year:digital:4]/\";s:6:\"widget\";s:14:\"Widget_Archive\";s:6:\"action\";s:6:\"render\";}s:13:\"archive_month\";a:3:{s:3:\"url\";s:36:\"/[year:digital:4]/[month:digital:2]/\";s:6:\"widget\";s:14:\"Widget_Archive\";s:6:\"action\";s:6:\"render\";}s:11:\"archive_day\";a:3:{s:3:\"url\";s:52:\"/[year:digital:4]/[month:digital:2]/[day:digital:2]/\";s:6:\"widget\";s:14:\"Widget_Archive\";s:6:\"action\";s:6:\"render\";}s:17:\"archive_year_page\";a:3:{s:3:\"url\";s:38:\"/[year:digital:4]/page/[page:digital]/\";s:6:\"widget\";s:14:\"Widget_Archive\";s:6:\"action\";s:6:\"render\";}s:18:\"archive_month_page\";a:3:{s:3:\"url\";s:56:\"/[year:digital:4]/[month:digital:2]/page/[page:digital]/\";s:6:\"widget\";s:14:\"Widget_Archive\";s:6:\"action\";s:6:\"render\";}s:16:\"archive_day_page\";a:3:{s:3:\"url\";s:72:\"/[year:digital:4]/[month:digital:2]/[day:digital:2]/page/[page:digital]/\";s:6:\"widget\";s:14:\"Widget_Archive\";s:6:\"action\";s:6:\"render\";}s:12:\"comment_page\";a:3:{s:3:\"url\";s:53:\"[permalink:string]/comment-page-[commentPage:digital]\";s:6:\"widget\";s:14:\"Widget_Archive\";s:6:\"action\";s:6:\"render\";}s:4:\"feed\";a:3:{s:3:\"url\";s:20:\"/feed[feed:string:0]\";s:6:\"widget\";s:14:\"Widget_Archive\";s:6:\"action\";s:4:\"feed\";}s:8:\"feedback\";a:3:{s:3:\"url\";s:31:\"[permalink:string]/[type:alpha]\";s:6:\"widget\";s:15:\"Widget_Feedback\";s:6:\"action\";s:6:\"action\";}s:4:\"page\";a:3:{s:3:\"url\";s:12:\"/[slug].html\";s:6:\"widget\";s:14:\"Widget_Archive\";s:6:\"action\";s:6:\"render\";}s:20:\"lovekkcomment_forget\";a:3:{s:3:\"url\";s:21:\"/lovekkcomment/forget\";s:6:\"widget\";s:20:\"LoveKKComment_Action\";s:6:\"action\";s:6:\"forget\";}s:19:\"lovekkcomment_reset\";a:3:{s:3:\"url\";s:20:\"/lovekkcomment/reset\";s:6:\"widget\";s:20:\"LoveKKCOmment_Action\";s:6:\"action\";s:5:\"reset\";}}'),('plugin:LoveKKComment',0,'a:19:{s:13:\"public_forget\";a:1:{i:0;s:6:\"enable\";}s:13:\"public_expire\";s:2:\"10\";s:12:\"public_debug\";a:1:{i:0;s:6:\"enable\";}s:13:\"public_verify\";a:1:{i:0;s:6:\"enable\";}s:16:\"public_interface\";s:4:\"smtp\";s:11:\"public_name\";s:0:\"\";s:11:\"public_mail\";s:16:\"428982262@qq.com\";s:14:\"public_replyto\";s:16:\"428982262@qq.com\";s:9:\"smtp_host\";s:11:\"smtp.qq.com\";s:9:\"smtp_port\";s:3:\"587\";s:9:\"smtp_user\";s:16:\"428982262@qq.com\";s:9:\"smtp_pass\";s:16:\"eqxffjbvubnqcaci\";s:9:\"smtp_auth\";a:1:{i:0;s:6:\"enable\";}s:11:\"smtp_secure\";s:3:\"tls\";s:18:\"sendcloud_api_user\";s:0:\"\";s:17:\"sendcloud_api_key\";s:0:\"\";s:10:\"ali_region\";s:8:\"hangzhou\";s:16:\"ali_accesskey_id\";s:0:\"\";s:20:\"ali_accesskey_secret\";s:0:\"\";}'),('actionTable',0,'a:2:{s:10:\"links-edit\";s:15:\"Handsome_Action\";s:13:\"lovekkcomment\";s:20:\"LoveKKComment_Action\";}'),('panelTable',0,'a:2:{s:5:\"child\";a:1:{i:3;a:1:{i:0;a:6:{i:0;s:12:\"友情链接\";i:1;s:18:\"管理友情链接\";i:2;s:47:\"extending.php?panel=Handsome%2Fmanage-links.php\";i:3;s:13:\"administrator\";i:4;b:0;i:5;s:0:\"\";}}}s:4:\"file\";a:1:{i:0;s:27:\"Handsome%2Fmanage-links.php\";}}'),('attachmentTypes',0,'@image@,@media@'),('secret',0,'U#xFXzkgz!n8TYOI@cL#%E@$o%YhKegy'),('installed',0,'1'),('allowXmlRpc',0,'2'),('autoSave',1,'1'),('markdown',1,'1'),('xmlrpcMarkdown',1,'0'),('defaultAllowComment',1,'1'),('defaultAllowPing',1,'1'),('defaultAllowFeed',1,'1'),('plugin:Handsome',0,'a:5:{s:8:\"btnTitle\";N;s:6:\"thanks\";s:1:\"1\";s:11:\"sticky_cids\";s:0:\"\";s:6:\"CateId\";s:23:\"12,13,14,15,16,17,19,25\";s:6:\"LockId\";s:23:\"12,13,14,15,16,17,19,25\";}'),('theme:HandsomePro-X-Backup',0,'a:84:{s:10:\"indexsetup\";a:4:{i:0;s:10:\"header-fix\";i:1;s:9:\"aside-fix\";i:2;s:13:\"container-box\";i:3;s:9:\"BigAvatar\";}s:10:\"thumbStyle\";s:1:\"1\";s:9:\"themetype\";s:2:\"12\";s:13:\"themetypeEdit\";s:24:\"info dker-info dker-dark\";s:6:\"BGtype\";s:1:\"0\";s:7:\"bgcolor\";s:7:\"#EFEFEF\";s:14:\"bgcolor_mobile\";s:7:\"#EFEFEF\";s:12:\"GradientType\";s:1:\"3\";s:11:\"opcityColor\";s:0:\"\";s:16:\"ChromeThemeColor\";s:7:\"#3a3f51\";s:9:\"codeStyle\";s:2:\"vs\";s:12:\"postFontSize\";s:2:\"14\";s:9:\"IndexName\";s:14:\"Otaku - 阿宅\";s:13:\"indexNameIcon\";s:0:\"\";s:4:\"logo\";s:0:\"\";s:10:\"titleintro\";s:0:\"\";s:8:\"BlogName\";s:11:\"Otaku阿宅\";s:7:\"BlogJob\";s:27:\"一个毫无梦想的咸鱼\";s:10:\"Indexwords\";s:48:\"迷失的人迷失了，相逢的人会再相逢\";s:7:\"favicon\";s:0:\"\";s:7:\"BlogPic\";s:31:\"https://i.ibb.co/QYx3nmc/01.png\";s:10:\"blogNotice\";s:0:\"\";s:9:\"startTime\";s:10:\"2020-02-08\";s:15:\"clickAvatarLink\";s:0:\"\";s:14:\"numberOfBigPic\";s:3:\"200\";s:16:\"numberOfSmallPic\";s:2:\"80\";s:9:\"AlipayPic\";s:41:\"https://s2.ax1x.com/2019/07/20/ZzagBD.jpg\";s:9:\"WechatPic\";s:41:\"https://s2.ax1x.com/2019/07/20/ZzacnO.png\";s:7:\"payTips\";s:54:\"如果觉得我的文章对你有用，请随意赞赏\";s:10:\"asideItems\";s:261:\"{\"name\":\"Aria2\",\"feather\":\"arrow-down-circle\",\"link\":\"http://205.185.120.77:6080\"},\r\n{\"name\":\"Some Records\",\"feather\":\"bookmark\",\"link\":\"http://blog.nekoo.xyz/index.php/archives/38/\"},\r\n{\"name\":\"我的追番\",\"feather\":\"bookmark\",\"link\":\"http://v2.nekoc.xyz\"}\r\n\";s:11:\"headerItems\";s:0:\"\";s:14:\"open_new_world\";s:0:\"\";s:5:\"wheel\";s:0:\"\";s:7:\"timepic\";s:49:\"https://i.loli.net/2020/02/09/toMaqv8IOyS6m25.jpg\";s:5:\"about\";s:72:\"来自南部的一个小城市，个性不张扬，讨厌随波逐流。\";s:11:\"socialItems\";s:260:\"{\"name\":\"twitter\",\"class\":\"fontello fontello-twitter\",\"link\":\"#\"},\r\n{\"name\":\"facebook\",\"class\":\"fontello fontello-facebook\",\"link\":\"#\"},\r\n{\"name\":\"googlepluse\",\"class\":\"fontello fontello-google-plus\",\"link\":\"#\"},\r\n{\"name\":\"github\",\"status\":\"single\",\"link\":\"#\"}\";s:12:\"contactItems\";s:434:\"{\"name\":\"email\",\"img\":\"https://s2.ax1x.com/2019/07/20/ZzU1sO.png\",\"value\":\"你的邮箱地址\",\"link\":\"#\"},\r\n{\"name\":\"QQ\",\"img\":\"https://s2.ax1x.com/2019/07/20/ZzUlQK.png\",\"value\":\"你的QQ号\",\"link\":\"#\"},\r\n{\"name\":\"微博\",\"img\":\"https://s2.ax1x.com/2019/07/20/ZzUMz6.png\",\"value\":\"你微博账号\",\"link\":\"#\"},\r\n{\"name\":\"网易云音乐\",\"img\":\"https://s2.ax1x.com/2019/07/20/ZzU3LD.png\",\"value\":\"你的网易云账号\",\"link\":\"#\"}\";s:9:\"time_code\";s:9:\"934692680\";s:8:\"rssItems\";s:0:\"\";s:11:\"timeHistory\";s:1:\"2\";s:13:\"commentChoice\";s:1:\"0\";s:15:\"commentPosition\";s:6:\"bottom\";s:11:\"commentTips\";s:111:\"使用cookie技术保留您的个人信息以便您下次快速评论，继续评论表示您已同意该条款\";s:17:\"commentBackground\";s:65:\"https://ae01.alicdn.com/kf/H93c9ab618b86404199a54f8b12b19289d.png\";s:13:\"defaultAvator\";s:0:\"\";s:14:\"ChangyanAppKey\";s:0:\"\";s:12:\"ChangyanConf\";s:0:\"\";s:12:\"featuresetup\";a:10:{i:0;s:6:\"isPjax\";i:1;s:18:\"payforauthorinpost\";i:2;s:11:\"laodthefont\";i:3;s:12:\"smoothscroll\";i:4;s:11:\"ajaxComment\";i:5;s:8:\"tocThree\";i:6;s:14:\"FixedImageSize\";i:7;s:9:\"emailToQQ\";i:8;s:14:\"hightlightcode\";i:9;s:14:\"isOtherAnimate\";}s:14:\"markdownExtend\";N;s:15:\"RandomPicChoice\";s:1:\"2\";s:16:\"hotPostOrderType\";s:11:\"commentsNum\";s:13:\"playerSetting\";N;s:15:\"resolveMusicWay\";s:1:\"0\";s:8:\"musicUrl\";s:46:\"https://y.qq.com/n/yqq/playlist/888233349.html\";s:18:\"customMusicContent\";s:0:\"\";s:8:\"language\";s:4:\"auto\";s:11:\"pjaxAnimate\";s:7:\"default\";s:23:\"pjaxCusomterAnimateHtml\";s:0:\"\";s:22:\"pjaxCusomterAnimateCSS\";s:0:\"\";s:15:\"isPjaxShowMatte\";s:1:\"1\";s:12:\"whiteOpacity\";s:3:\"0.4\";s:11:\"isPjaxToTop\";s:1:\"0\";s:10:\"toTopSpeed\";s:3:\"100\";s:13:\"progressColor\";s:7:\"#000000\";s:12:\"ChangeAction\";s:0:\"\";s:7:\"cdn_add\";s:0:\"\";s:16:\"LocalResourceSrc\";s:0:\"\";s:12:\"cloudOptions\";N;s:15:\"imagePostSuffix\";s:0:\"\";s:15:\"publicCDNSelcet\";s:1:\"6\";s:11:\"dnsPrefetch\";s:0:\"\";s:6:\"CDNURL\";s:34:\"https://secure.gravatar.com/avatar\";s:14:\"BottomleftInfo\";s:0:\"\";s:10:\"BottomInfo\";s:0:\"\";s:9:\"customCss\";s:4988:\" html.bg {\r\n                   background-image:\r\n               -moz-radial-gradient(-20% 140%, ellipse ,  rgba(143,192,193,.6) 30%,rgba(255,255,227,0) 50%),\r\n               -moz-radial-gradient(60% 40%,ellipse,   #d9e3e5 10%,rgba(44,70,76,.0) 60%),\r\n               -moz-linear-gradient(-45deg,  rgba(143,181,158,.8) -10%,rgba(213,232,211,.8) 80% )\r\n           ;\r\n           background-image:\r\n               -o-radial-gradient(-20% 140%, ellipse ,  rgba(143,192,193,.6) 30%,rgba(255,255,227,0) 50%),\r\n               -o-radial-gradient(60% 40%,ellipse,   #d9e3e5 10%,rgba(44,70,76,.0) 60%),\r\n               -o-linear-gradient(-45deg,  rgba(143,181,158,.8) -10%,rgba(213,232,211,.8) 80% )\r\n           ;\r\n           background-image:\r\n               -ms-radial-gradient(-20% 140%, ellipse ,  rgba(143,192,193,.6) 30%,rgba(255,255,227,0) 50%),\r\n               -ms-radial-gradient(60% 40%,ellipse,   #d9e3e5 10%,rgba(44,70,76,.0) 60%),\r\n               -ms-linear-gradient(-45deg,  rgba(143,181,158,.8) -10%,rgba(213,232,211,.8) 80% )\r\n           ;\r\n           background-image:\r\n               -webkit-radial-gradient(-20% 140%, ellipse ,  rgba(143,192,193,.6) 30%,rgba(255,255,227,0) 50%),\r\n               -webkit-radial-gradient(60% 40%,ellipse,   #d9e3e5 10%,rgba(44,70,76,.0) 60%),\r\n               -webkit-linear-gradient(-45deg,  rgba(143,181,158,.8) -10%,rgba(213,232,211,.8) 80% )\r\n               ;\r\n        }\r\n        .cool-transparent .off-screen+* .app-content-body {\r\n                   background-image:\r\n               -moz-radial-gradient(-20% 140%, ellipse ,  rgba(143,192,193,.6) 30%,rgba(255,255,227,0) 50%),\r\n               -moz-radial-gradient(60% 40%,ellipse,   #d9e3e5 10%,rgba(44,70,76,.0) 60%),\r\n               -moz-linear-gradient(-45deg,  rgba(143,181,158,.8) -10%,rgba(213,232,211,.8) 80% )\r\n           ;\r\n           background-image:\r\n               -o-radial-gradient(-20% 140%, ellipse ,  rgba(143,192,193,.6) 30%,rgba(255,255,227,0) 50%),\r\n               -o-radial-gradient(60% 40%,ellipse,   #d9e3e5 10%,rgba(44,70,76,.0) 60%),\r\n               -o-linear-gradient(-45deg,  rgba(143,181,158,.8) -10%,rgba(213,232,211,.8) 80% )\r\n           ;\r\n           background-image:\r\n               -ms-radial-gradient(-20% 140%, ellipse ,  rgba(143,192,193,.6) 30%,rgba(255,255,227,0) 50%),\r\n               -ms-radial-gradient(60% 40%,ellipse,   #d9e3e5 10%,rgba(44,70,76,.0) 60%),\r\n               -ms-linear-gradient(-45deg,  rgba(143,181,158,.8) -10%,rgba(213,232,211,.8) 80% )\r\n           ;\r\n           background-image:\r\n               -webkit-radial-gradient(-20% 140%, ellipse ,  rgba(143,192,193,.6) 30%,rgba(255,255,227,0) 50%),\r\n               -webkit-radial-gradient(60% 40%,ellipse,   #d9e3e5 10%,rgba(44,70,76,.0) 60%),\r\n               -webkit-linear-gradient(-45deg,  rgba(143,181,158,.8) -10%,rgba(213,232,211,.8) 80% )\r\n               ;\r\n        }\r\n@media (max-width:767px){\r\n    html.bg {\r\n        \r\n        }\r\n        .cool-transparent .off-screen+* .app-content-body {\r\n        \r\n        }\r\n}\r\n/*首页文章版式圆角化*/\r\n/*.panel{\r\n    border: none;\r\n    border-radius: 15px;\r\n}\r\n\r\n.panel-small{\r\n    border: none;\r\n    border-radius: 15px;\r\n}\r\n\r\n.item-thumb{\r\n    border-radius: 15px;  \r\n}\r\n*/\r\n/*首页文章图片获取焦点放大*/\r\n.item-thumb{\r\n    cursor: pointer;  \r\n    transition: all 0.6s;  \r\n}\r\n\r\n.item-thumb:hover{\r\n      transform: scale(1.05);  \r\n}\r\n\r\n.item-thumb-small{\r\n    cursor: pointer;  \r\n    transition: all 0.6s;\r\n}\r\n\r\n.item-thumb-small:hover{\r\n    transform: scale(1.05);\r\n}\r\n \r\n/*首页头像自动旋转*/\r\n.thumb-lg{\r\n    width:130px;\r\n}\r\n\r\n.avatar{\r\n    -webkit-transition: 0.4s;\r\n    -webkit-transition: -webkit-transform 0.4s ease-out;\r\n    transition: transform 0.4s ease-out;\r\n    -moz-transition: -moz-transform 0.4s ease-out; \r\n}\r\n\r\n.avatar:hover{\r\n    transform: rotateZ(360deg);\r\n    -webkit-transform: rotateZ(360deg);\r\n    -moz-transform: rotateZ(360deg);\r\n}\r\n\r\n#aside-user span.avatar{\r\n    animation-timing-function:cubic-bezier(0,0,.07,1)!important;\r\n    border:0 solid\r\n}\r\n\r\n#aside-user span.avatar:hover{\r\n    transform:rotate(360deg) scale(1.2);\r\n    border-width:5px;\r\n    animation:avatar .5s\r\n}\r\n\r\n/*panel阴影*/\r\n.panel{\r\n   box-shadow: 1px 1px 5px 5px rgba(17, 150, 196, 0.35);\r\n    -moz-box-shadow: 1px 1px 5px 5px rgba(17, 150, 196, 0.35);\r\n}\r\n\r\n.panel:hover{\r\n    box-shadow: 1px 1px 5px 5px rgba(17, 150, 196, 0.35);\r\n    -moz-box-shadow: 1px 1px 5px 5px rgba(17, 150, 196, 0.35);\r\n}\r\n\r\n.panel-small{\r\n    box-shadow: 1px 1px 5px 5px rgba(17, 150, 196, 0.35);\r\n    -moz-box-shadow: 1px 1px 5px 5px rgba(17, 150, 196, 0.35);\r\n}\r\n\r\n.panel-small:hover{\r\n    box-shadow: 1px 1px 5px 5px rgba(17, 150, 196, 0.35);\r\n    -moz-box-shadow: 1px 1px 5px 5px rgba(17, 150, 196, 0.35);\r\n}\r\n\r\n.app.container {\r\n    box-shadow: 0 0 30px rgba(17, 150, 196, 0.35);\r\n\r\n\r\n/*首页文章a标签颜色渐变*/\r\n.index-post-title a:hover{\r\n     color:rgba(107, 209, 255, 1);\r\n     transition:color 0.2s linear\r\n}   \";s:8:\"customJs\";s:0:\"\";s:8:\"analysis\";s:0:\"\";s:10:\"bottomHtml\";s:0:\"\";s:14:\"indexCountDown\";s:0:\"\";s:16:\"adContentSidebar\";s:0:\"\";s:13:\"adContentPost\";s:0:\"\";s:13:\"adContentPage\";s:0:\"\";s:12:\"asideSetting\";N;s:14:\"sidebarSetting\";N;}'),('plugin:EditorMD',0,'a:7:{s:5:\"emoji\";s:1:\"1\";s:8:\"isActive\";s:1:\"0\";s:5:\"isToc\";s:1:\"1\";s:6:\"isTask\";s:1:\"1\";s:5:\"isTex\";s:1:\"0\";s:6:\"isFlow\";s:1:\"0\";s:5:\"isSeq\";s:1:\"0\";}'),('editorSize',1,'503'),('plugin:AutoTags',0,'a:1:{s:8:\"isActive\";s:1:\"1\";}'),('plugin:Copyright',0,'a:5:{s:6:\"author\";s:105:\"本文为原创文章，版权归 <a href=\"http://blog.nekoo.xyz/\" target=\"_blank\">Otaku阿宅</a> 所有\";s:6:\"notice\";s:36:\"转载时须注明出处及本声明\";s:7:\"showURL\";a:1:{i:0;s:1:\"1\";}s:10:\"showOnPost\";a:1:{i:0;s:1:\"1\";}s:10:\"showOnPage\";N;}');
/*!40000 ALTER TABLE `typecho_options` ENABLE KEYS */;
UNLOCK TABLES;

--
-- Table structure for table `typecho_relationships`
--

DROP TABLE IF EXISTS `typecho_relationships`;
/*!40101 SET @saved_cs_client     = @@character_set_client */;
/*!40101 SET character_set_client = utf8 */;
CREATE TABLE `typecho_relationships` (
  `cid` int(10) unsigned NOT NULL,
  `mid` int(10) unsigned NOT NULL,
  PRIMARY KEY (`cid`,`mid`)
) ENGINE=MyISAM DEFAULT CHARSET=utf8;
/*!40101 SET character_set_client = @saved_cs_client */;

--
-- Dumping data for table `typecho_relationships`
--

LOCK TABLES `typecho_relationships` WRITE;
/*!40000 ALTER TABLE `typecho_relationships` DISABLE KEYS */;
INSERT INTO `typecho_relationships` VALUES (1,1),(10,4),(10,5),(10,6),(10,7),(10,8),(10,12),(15,17),(15,18),(18,9),(18,20),(18,22),(28,7),(28,17),(28,29),(28,30),(28,31),(28,32),(28,33),(29,19),(29,34),(29,35),(29,36),(29,37),(29,38),(32,7),(32,23),(32,24),(32,25),(32,26),(32,28),(32,75),(33,7),(33,13),(33,44),(33,45),(33,46),(33,47),(37,23),(38,19),(38,48),(38,49),(38,50),(38,51),(38,52),(39,7),(39,17),(39,18),(39,53),(39,54),(39,55),(39,56),(41,9),(41,20),(41,47),(41,53),(41,55),(41,57),(41,58),(41,59),(41,60),(41,61),(42,6),(42,19),(42,34),(42,35),(42,36),(42,37),(42,38),(42,39),(43,7),(43,9),(43,50),(43,53),(43,62),(43,63),(43,64),(43,65),(45,23),(46,17),(46,48),(46,66),(46,67),(46,68),(46,69),(46,70),(48,17),(48,66),(48,69),(48,71),(48,72),(48,73),(48,74),(49,23),(49,41),(49,75),(49,76),(49,77),(49,78),(50,7),(50,9),(50,58),(50,79),(50,80),(50,81),(50,82),(50,83),(53,7),(53,19),(53,84),(53,85),(53,86),(53,87),(54,5),(54,14),(54,67),(54,68),(54,69),(54,88),(54,89),(54,90),(54,91),(55,5),(55,14),(55,33),(55,66),(55,67),(55,68),(55,69),(55,88),(55,89),(55,90),(55,91),(55,92),(55,93),(56,5),(56,7),(56,14),(56,33),(56,46),(56,67),(56,70),(56,88),(56,89),(56,91),(56,94),(56,95),(57,14),(57,67),(57,88),(57,89),(57,92),(57,96),(57,97),(57,98),(57,99),(58,7),(58,9),(58,48),(58,100),(58,101),(58,102),(58,103),(58,104),(66,1),(66,20),(66,105),(66,106),(66,107),(66,108);
/*!40000 ALTER TABLE `typecho_relationships` ENABLE KEYS */;
UNLOCK TABLES;

--
-- Table structure for table `typecho_users`
--

DROP TABLE IF EXISTS `typecho_users`;
/*!40101 SET @saved_cs_client     = @@character_set_client */;
/*!40101 SET character_set_client = utf8 */;
CREATE TABLE `typecho_users` (
  `uid` int(10) unsigned NOT NULL AUTO_INCREMENT,
  `name` varchar(32) DEFAULT NULL,
  `password` varchar(64) DEFAULT NULL,
  `mail` varchar(150) DEFAULT NULL,
  `url` varchar(150) DEFAULT NULL,
  `screenName` varchar(32) DEFAULT NULL,
  `created` int(10) unsigned DEFAULT '0',
  `activated` int(10) unsigned DEFAULT '0',
  `logged` int(10) unsigned DEFAULT '0',
  `group` varchar(16) DEFAULT 'visitor',
  `authCode` varchar(64) DEFAULT NULL,
  PRIMARY KEY (`uid`),
  UNIQUE KEY `name` (`name`),
  UNIQUE KEY `mail` (`mail`)
) ENGINE=MyISAM AUTO_INCREMENT=2 DEFAULT CHARSET=utf8;
/*!40101 SET character_set_client = @saved_cs_client */;

--
-- Dumping data for table `typecho_users`
--

LOCK TABLES `typecho_users` WRITE;
/*!40000 ALTER TABLE `typecho_users` DISABLE KEYS */;
INSERT INTO `typecho_users` VALUES (1,'admin','$P$BUXqn2H2eSDp3DDSNEi.SBS56n0P7/1','963508700@qq.com','http://www.nekoc.xyz','阿宅',1581123472,1583487562,1583020670,'administrator','ac1eef5ee5b705bbbfdb5a76f9b81aeb');
/*!40000 ALTER TABLE `typecho_users` ENABLE KEYS */;
UNLOCK TABLES;
/*!40103 SET TIME_ZONE=@OLD_TIME_ZONE */;

/*!40101 SET SQL_MODE=@OLD_SQL_MODE */;
/*!40014 SET FOREIGN_KEY_CHECKS=@OLD_FOREIGN_KEY_CHECKS */;
/*!40014 SET UNIQUE_CHECKS=@OLD_UNIQUE_CHECKS */;
/*!40101 SET CHARACTER_SET_CLIENT=@OLD_CHARACTER_SET_CLIENT */;
/*!40101 SET CHARACTER_SET_RESULTS=@OLD_CHARACTER_SET_RESULTS */;
/*!40101 SET COLLATION_CONNECTION=@OLD_COLLATION_CONNECTION */;
/*!40111 SET SQL_NOTES=@OLD_SQL_NOTES */;

-- Dump completed on 2020-03-07 17:58:22
